"tweet_id","in_reply_to_status_id","in_reply_to_user_id","timestamp","source","text","retweeted_status_id","retweeted_status_user_id","retweeted_status_timestamp","expanded_urls"
"877425902954479616","877425174735314945","877195967023403009","2017-06-21 07:20:11 +0000","<a href=""http://twitter.com"" rel=""nofollow"">Twitter Web Client</a>","(현실의 군사 드라마에서 본 건데 또 평가 올라감) 너무나도 순식간에 습격이 벌어져서 넋부랑자가 될 것 같구...😭😭😭 제파랑 장관이랑 친해져서 장관도 제파를 선생님이라 부르곤 했으면 더 슬플 듯요😭😭😭 제파가 칠무해 결정에 반발하고 해군에서 잠적하기","","","",""
"877425174735314945","877424710392229888","877195967023403009","2017-06-21 07:17:18 +0000","<a href=""http://twitter.com"" rel=""nofollow"">Twitter Web Client</a>","최대한 안전하고 평범한, 해군의 영향력이 강하게 미치는 안전한 해역만 돌아다녔는데 그 경비를 뚫고 악마의 열매를 먹은 해적이 습격해와서....😭😭😭 장관이 이 사태를 막기 위해 해군 군함간의 비상 연락망 시스템을 더 촘촘하고 현대적으로 바꿨는데도","","","",""
"877424710392229888","877422267780616192","877195967023403009","2017-06-21 07:15:27 +0000","<a href=""http://twitter.com"" rel=""nofollow"">Twitter Web Client</a>","제파가 견습 해병들 이끌고 가르치겠다고 했을 때도 장관이 쎄해져서 말리려고 했는데 이미 몇 번 무사히 출항했다 돌아와서 괜찮나... 아닌데... 또 습격오는 거 아닌가.. 하면서 불안해하고 제파한테 특히 조심하라고 일러주는데 제파가 장관 말을 들어주고","","","",""
"877422267780616192","877421237743493120","877195967023403009","2017-06-21 07:05:45 +0000","<a href=""http://twitter.com"" rel=""nofollow"">Twitter Web Client</a>","제파가 가족 아끼는 가장이라서 가끔 회의로 모일 때 어린 장관에게 자기 자식이랑 부인 사진도 보여주면서 자랑하고 그랬었는데 19세 장관도 막지 못해서 충격받고 제파 마음도 꼴이 말이 아니고😭😭😭 어린 장관의 통찰력이 해군을 놀라게 하고...😭😭😭","","","",""
"877421237743493120","877420764575682560","877195967023403009","2017-06-21 07:01:39 +0000","<a href=""http://twitter.com"" rel=""nofollow"">Twitter Web Client</a>","콩 원수 등 해군 장성들에게 추궁당하는데 그 모두의 이목이 끌려 있던 청문회 중에 제파 가족이 습격받아 죽어서 다들 말을 잃었으면 좋겠네요... 제파는 어린 장관이 자기 주변에 자꾸 맴도니까 뭔가 했다가 가족 습격 소식 듣고 아찔해지고😭😭😭😭😭😭","","","",""
"877420764575682560","877412484025536513","877195967023403009","2017-06-21 06:59:46 +0000","<a href=""http://twitter.com"" rel=""nofollow"">Twitter Web Client</a>","장관이 제트 극장판을 보고 트립한 거라면 제파가 대장으로 한창 잘 나갈 때 일부러 가족 주의하라고 힌트도 주고 예외적으로 CP들까지 대장 가족 주변에 잠복시켜서 보호하려고 했는데 오히려 그게 에니에스 로비에서 해군에 영향력을 끼치려는 속셈으로 오해받고","","","",""
"877412484025536513","","","2017-06-21 06:26:52 +0000","<a href=""http://twitter.com"" rel=""nofollow"">Twitter Web Client</a>","그러고보니 19세 장관이면 극장판 제트에서의 제파 선생도 만날 수 있었겠네요... 해군일 때 좋은 사람이었을 것 같은데 작고 어리고 약한 19세 장관님한테 잘 대해주실 것 같아요...는 그런 사람이 팔 잃고 칠무해 결정에 반발해서 네오 해군 결성😭😭😭","","","",""
"877411304742334465","877410897064374272","877195967023403009","2017-06-21 06:22:11 +0000","<a href=""http://twitter.com/download/android"" rel=""nofollow"">Twitter for Android</a>","해군영웅으로 라벨 붙여놓고 어떻게 잘 써먹을까 궁리하는데 가프씨가 내 후임이군!! 하며 빼갔으면 조케따...","","","",""
"877410897064374272","877408605820960768","877195967023403009","2017-06-21 06:20:34 +0000","<a href=""http://twitter.com/download/android"" rel=""nofollow"">Twitter for Android</a>","아카이누 전적 때문인지 뭔 생각인지 모르겠는 키자루랑 센가쿠도 무서워요... 으으 베가펑크로 보내는 기획도 알면서 별 반대 없이 ㅇㅋ했을 거 같고 말이죠. 해군측으로 장관에게 호감 있는 건 거프랑 코비...?","","","",""
"877408605820960768","","","2017-06-21 06:11:27 +0000","<a href=""http://twitter.com/download/android"" rel=""nofollow"">Twitter for Android</a>","키자루 파트는 정상전쟁 때 흰수염과 검은수염이랑 싸우는 부분 정도밖에 없는 것 같아요. 장관에 대해서도 무슨 생각인지 나온 적이 없는 듯...?","","","",""
"877406466981871616","","","2017-06-21 06:02:57 +0000","<a href=""http://twitter.com/download/iphone"" rel=""nofollow"">Twitter for iPhone</a>","본편에서 키자루는 거의 아예 언급이 없죠....? 새벽에도 키자루-장관님 조합으로 썰풀었는데 이 둘 상성 꽤 잘맞을거 같은데","","","",""
"877403801811992576","","","2017-06-21 05:52:22 +0000","<a href=""http://twitter.com/download/android"" rel=""nofollow"">Twitter for Android</a>","그러고보니 본편에서는 키자루가 안나왔죠? 오장님에서만 나온거같은데..
뇌둥둥에 대처하는 삼대장 보고싶다. 밀어붙이는 아카이누, 반대하는 아오키지 그리고 이건 아닌거같은데 하면서도 한다면 편할거같기도 하고.. 웃으면서 고민중인 키자루 보고싶다","","","",""
"877401946344235008","877400872816222209","877195967023403009","2017-06-21 05:45:00 +0000","<a href=""http://twitter.com/download/iphone"" rel=""nofollow"">Twitter for iPhone</a>","혐스일 오래오래 연재해서 앞으로 딱 한번만 더 검수 애들 통수쳤으면 좋겠다 물론 그쯤되면 검수단 결말은 사망이나 감금이 되겟지만...","","","",""
"877401851066408960","","","2017-06-21 05:44:37 +0000","<a href=""http://twitter.com/download/android"" rel=""nofollow"">Twitter for Android</a>","RT @pangs_panda: 혐스일에서 장관이 처음으로 남들 앞에서 웃은 순간이 아이스버그가 처음으로 남들 앞에서 울었던 순간이라는게 너무 좋다... 둘다 동시에 남에게 절대 드러내지 않았던 감정을 드러냈어","877368092728320000","877362870035505153","2017-06-21 03:30:28 +0000",""
"877400872816222209","877400623716548608","877195967023403009","2017-06-21 05:40:44 +0000","<a href=""http://twitter.com/download/iphone"" rel=""nofollow"">Twitter for iPhone</a>","일단 일 끝나고 동료들한테 뭐라고 설명할지도 궁금하고... 그러게 그냥 바로 죽이지 졸지에 삼류악당 되어버림","","","",""
"877400623716548608","","","2017-06-21 05:39:44 +0000","<a href=""http://twitter.com/download/iphone"" rel=""nofollow"">Twitter for iPhone</a>","라피트 장관님 캐해석 너무 궁금하다... 다른 검수 애들도 그렇지만 라피트 캐해석 우주 저 끝까지 꼬일거 생각하면 너무 웃기고 재밌는데 괜찮아 너만 캐해석 우주로 간거 아님","","","",""
"877398136477458433","","","2017-06-21 05:29:51 +0000","<a href=""http://twitter.com/download/android"" rel=""nofollow"">Twitter for Android</a>","RT @naya_spall: 헉 갑자기 혐스일 장관님이 해군영웅으로 등극하니 온 바다에서 내가 사실은 그 영웅 스팬담의 숨겨진 아내/약혼자/애인/정부 심지어 자식이다! 사기가 유행하면 좋겠다. 장관적으로 환장하겠는건 자식이야 성별불문이다 해도 애인에…","877350144387055617","871331512188149760","2017-06-21 02:19:09 +0000",""
"877397988401750016","","","2017-06-21 05:29:16 +0000","<a href=""http://twitter.com/download/android"" rel=""nofollow"">Twitter for Android</a>","RT @naya_spall: 어려진 푸딩이랑 후회공 푸딩을 잘 섞어서 쥬얼리 보니에게 당해서 푸딩이 하루 어려졌는데, 그걸 장관이 생각보다 너무 잘 케어해줘서(원피스 세계에 비하면 현대인의 아이 돌보기 넘 고급스킬임) 어른으로 돌아온 다음에도 내내…","877364138002874369","871331512188149760","2017-06-21 03:14:45 +0000",""
"877397803122610177","","","2017-06-21 05:28:32 +0000","<a href=""http://twitter.com/download/android"" rel=""nofollow"">Twitter for Android</a>","RT @naya_spall: 19세 홍학x19세 장관도 모자라서 24세 크사장x19세 장관을 떠올려버린 답없는 새끼가 누구냐? 아 나새끼구나?💣","877378057643753472","871331512188149760","2017-06-21 04:10:04 +0000",""
"877396482244067328","877393298075262979","877195967023403009","2017-06-21 05:23:17 +0000","<a href=""http://twitter.com/download/android"" rel=""nofollow"">Twitter for Android</a>","쵸파가 있으니까 장관님 진통제나 약같은거 함부로 먹지않겠지? 장관님 약 먹을때마다 울망울망하게 쳐다보는 쵸파의 눈빛공격에 슬그머니 약 1개 빼고 다시 약통에 넣고 쵸파는 그런 장관님 꼬옥 안아주고 장관님은 힐링받고(지켜보는 터포키: 좋아해야하나  고민","","","",""
"877393298075262979","877390220521385984","877195967023403009","2017-06-21 05:10:38 +0000","<a href=""http://twitter.com/download/android"" rel=""nofollow"">Twitter for Android</a>","장관니은 티타임때 쵸파가 해주는 밀집모자일당 모험기(이라 쓰고 로빈누님이야기) 듣는게 삶의 낙일거같다. 내가 모르는 로빈누님 이야기에 귀여운 쵸파에 맛있는 간식과 티까지. 
그리고 그들을 노려보는 시피들...","","","",""
"877390298707410944","877389683495321601","877195967023403009","2017-06-21 04:58:42 +0000","<a href=""http://twitter.com/download/android"" rel=""nofollow"">Twitter for Android</a>","그럼 어떨결이라도 장관님은 알았다고 고개를 끄덕이겠지. 그럼 한결 뿌듯해진 표정으로 카쿠가 웃는데, 조심스럽게 너 근데 아픈데는 괜찮냐...? 하는 장관님과 아. 하는 카쿠. 끝끝! 이 후에 카쿠의 지속적인 고백으로 장관님도 카쿠 좋아하게 되었으면!","","","",""
"877390220521385984","877390019521990658","877195967023403009","2017-06-21 04:58:24 +0000","<a href=""http://twitter.com/download/android"" rel=""nofollow"">Twitter for Android</a>","너무 막강하고 쵸파가 너무 세서() 다들 반포기반도전 정신으로 하하호호 행복한 장관님과 쵸파 지켜보면 좋겠다","","","",""
"877390019521990658","877388204420210688","877195967023403009","2017-06-21 04:57:36 +0000","<a href=""http://twitter.com/download/android"" rel=""nofollow"">Twitter for Android</a>","그때면 쵸파 무력은 에니에스로비 최강이라 믿습니다(루치와 cp9들 : ??
쵸파는 스팬담 전용주치의 겸 (비공식)호위에 (비공식)최측근이 되어버리고 터포키와 시피들과 저멀리 푸딩이 쵸파를 없애버리기 위해 호시탐탐 기회를 노리고 실행하지만 장관님쉴드가","","","",""
"877389683495321601","877389133584277504","877195967023403009","2017-06-21 04:56:16 +0000","<a href=""http://twitter.com/download/android"" rel=""nofollow"">Twitter for Android</a>","그러면 당신이 여태껏 날 그렇게 보지 않았다는건 잘 알았다. 하지만 앞으로도 지금처럼 난 당신한테 계속 대시할거다. 그러니까 당신은 이제부터 내가 당신을 좋아한다는걸 염두에 두고 내가 하는 말을 듣고, 행동을 받아달라고 이야기하는 카쿠,,,","","","",""
"877389133584277504","877388762728210434","877195967023403009","2017-06-21 04:54:05 +0000","<a href=""http://twitter.com/download/android"" rel=""nofollow"">Twitter for Android</a>","하니까 카쿠는 절망할 법도 한데 결연한 얼굴로 일어나서 장관님 손목 잡으면서 그럼 이제 부터는 내가 당신을 좋아한다는걸 생각하면서 자길 봐달라고. 이야기하는거다. 그러면 장관님이 어? 하겠지.","","","",""
"877389125908742144","877388204420210688","877195967023403009","2017-06-21 04:54:03 +0000","<a href=""http://twitter.com/download/android"" rel=""nofollow"">Twitter for Android</a>","그때쯤이면 장관님 나이가...나이가..큽..(눈물땀땀","","","",""
"877388762728210434","877388110589435904","877195967023403009","2017-06-21 04:52:36 +0000","<a href=""http://twitter.com/download/android"" rel=""nofollow"">Twitter for Android</a>","그리고 둘 사이에 정적이 흐르는데... 그 침묵속에서 자기가 무얼 했는지 깨달은 카쿠가 얼굴이 사과가 되어서 굳어있는것도 귀엽겠다. 장관님은 잠시 머뭇거리다가 미안, 지금까지 그렇게 생각해 본 적 없어. 네가 그런 의미로 한 행동인줄도 몰랐고...","","","",""
"877388204420210688","","","2017-06-21 04:50:23 +0000","<a href=""http://twitter.com/download/android"" rel=""nofollow"">Twitter for Android</a>","나중에 라프텔까지 도달하고 원피스를 찾은 쵸파가 밀짚애들이랑 헤어져서 장관님한테 오면 좋겠다. 약속대로 스팬담의 주치의가 되러왔어! 하면서 당당하게(수배자입니다) 에니에스로비로 오는 쵸파.. 진짜 귀엽겠다..","","","",""
"877388110589435904","877387635265724416","877195967023403009","2017-06-21 04:50:01 +0000","<a href=""http://twitter.com/download/android"" rel=""nofollow"">Twitter for Android</a>","정말 열불나서 지금까지 자기가 장관에게 했던 행동 하나하나 나열하면서 설명해주는 카쿠가 보고싶다. 카쿠한테 설명을 듣고나서야 뭐 잘못먹은게 아니었고, 하는 장관님... 갑자기 많은걸 들어서 혼란스러울 것 같다.","","","",""
"877387635265724416","877386570722033664","877195967023403009","2017-06-21 04:48:07 +0000","<a href=""http://twitter.com/download/android"" rel=""nofollow"">Twitter for Android</a>","진심의 진심이 담겨 있어서 장관님 당황해서 직구 날렸으면 좋겠다. 아니, 카쿠 너 나 좋아해? 하고. 카쿠는 아직 제 정신이 안돌아와서 그래! 지금까지 계속 그렇게 말해왔지 않나! 하고 버럭하는 카쿠... 아니 언제 말했는데? 하고 장관님이 되묻는데","","","",""
"877386570722033664","877386010924949504","877195967023403009","2017-06-21 04:43:54 +0000","<a href=""http://twitter.com/download/android"" rel=""nofollow"">Twitter for Android</a>","? 뭐가 말이야? 하고 장관님이 묻는데 카쿠가 울분이 터져서 막 말하기 시작하는거지... 내가 이렇게 대놓고 당신한테 대시하는데 정말 모르는거냐. 지금은 왜 이렇게 서둘러 나가냐, 그렇게 나랑 있기가 싫은거냐고 랩하듯 토해내는 말들에는 정말","","","",""
"877386010924949504","877385492857200640","877195967023403009","2017-06-21 04:41:40 +0000","<a href=""http://twitter.com/download/android"" rel=""nofollow"">Twitter for Android</a>","그럼 다 나을 때 까지 푹 쉬어. 하고 일어서는 장관님... 여기서 끈기를 가지고 대시해왔던 카쿠의 무언가의 끈이 뚝 끊어졌으면 좋겠네. 진지하고 낮은 목소리로 뒤돌아 나가는 장관님을 불러 세우고 지금도 일부러 그러는건가? 하는 카쿠..","","","",""
"877385492857200640","877384621549273088","877195967023403009","2017-06-21 04:39:37 +0000","<a href=""http://twitter.com/download/android"" rel=""nofollow"">Twitter for Android</a>","장관님이 문열고 들어오면 카쿠 아파 죽는 척 연기해야함. 장관님 당황하고. 카쿠 옆에 앉아서 어쩌다 이랬냐, 많이 아프냐. 괜찮냐. 하고 물어보는데 평소였으면 괜찮다고 했을 카쿠거 안괜찮다 대답하니까 진짜 아픈가보다. 쉬라고 자리 피해줘야겠네. 하고","","","",""
"877384621549273088","877382965143117828","877195967023403009","2017-06-21 04:36:09 +0000","<a href=""http://twitter.com/download/android"" rel=""nofollow"">Twitter for Android</a>","어느 날 카쿠는 불쌍하게 보여 관심을 받기로 하는데... 엄청 다친 척 하고 (의사 매수했습니다) 병실에 누워 있었으면 좋겠다. 장관님도 아니 걔가 다쳐서 입원 했단 말이야? 그렇게 크게 다쳤어? 하고 보러가겠지.","","","",""
"877382965143117828","877372589106016256","877195967023403009","2017-06-21 04:29:34 +0000","<a href=""http://twitter.com/download/android"" rel=""nofollow"">Twitter for Android</a>","뭐 은근슬쩍 손도 잡고 무슨 일 있어서 월보 할 때 가볍게 끌어안는다던가 스킨쉽을 하는데도 얘가 내가 다칠까봐 신경 쓰네. 하는 장관님. 카쿠 속터져서 앓아 눕겠다. 그렇게 처음에는 아니 네가 감히 하던 이들이 카쿠를 안쓰러워 하기 시작하고...","","","",""
"877381575725391872","","","2017-06-21 04:24:03 +0000","<a href=""http://twitter.com/download/android"" rel=""nofollow"">Twitter for Android</a>","순수 지략계 장관님 넘 멋진것같아요ㅠㅠㅠㅠㅠㅠ 제갈량도 무력으로 천하를 휘둘렀던건 아니니까요!  갯지렁이보다 약하면서 머리하나로 최강급 강자들을 쥐락펴락하는 장관님!!!(장관님: 아니라고 시ㅣ바","","","",""
"877380226786787328","877378734734557185","877195967023403009","2017-06-21 04:18:41 +0000","<a href=""http://twitter.com/download/android"" rel=""nofollow"">Twitter for Android</a>","8년을 원피스월드에서 보냈는데 가 본 곳이라고는 에니에스로비 세계회의 임펠다운 해군본부로 끝이라는 거 넘 불쌍하다","","","",""
"877380157425598464","877379595619651584","877195967023403009","2017-06-21 04:18:25 +0000","<a href=""http://twitter.com/download/android"" rel=""nofollow"">Twitter for Android</a>","원작에선 로빈 머리채도 잡아 끌고갈 수 있을 정도의 체력이었죠 장관은 못할 것 같고....","","","",""
"877379595619651584","","","2017-06-21 04:16:11 +0000","<a href=""http://twitter.com/download/android"" rel=""nofollow"">Twitter for Android</a>","장관 그렇게 몸 약해진거 착각도 착각이지만 약때문인것같음 장고ㅓㄴ님은 자기몸 아니라고 생각하니까 막 여러개씩먹고 그랬으니까 원작 스퍈담은 그렇개 병약이미지는 아니었잖아 최약체긴했지만","","","",""
"877378734734557185","877375155986587649","877195967023403009","2017-06-21 04:12:45 +0000","<a href=""http://twitter.com/download/android"" rel=""nofollow"">Twitter for Android</a>","만화 속 세계로 트립이라니~! 넘 유치하고 즐거운 공상이잖아... 고삼이도 분명 생각해본 적 있겠지.. 정상전쟁도 끝났겠다 억지력도 없겠다 할 만큼 했겠다 싶은 장관이 한 순간이라도 걱정 없이 맘 편히 하늘섬도 가보고 용궁도 놀러가고 관광했으면 좋겠네","","","",""
"877377549185069056","877377004961538048","877195967023403009","2017-06-21 04:08:03 +0000","<a href=""http://twitter.com/download/android"" rel=""nofollow"">Twitter for Android</a>","자신의 생명을 소즁히 여기라고 말하면서 언젠가 버릴수있다고 했던 장관님이니까.. 인간답게 대우해주는 장관님한테 자꾸 마음이 가서 더 괴로웠을듯","","","",""
"877377004961538048","","","2017-06-21 04:05:53 +0000","<a href=""http://twitter.com/download/android"" rel=""nofollow"">Twitter for Android</a>","카쿠 얘가 생각할수록 짠해죽겠음 cp9에서도 제일 어린애가 무슨생각을 하는건지 알수없는 장관님보고 얼마나 상처받았을까ㅜㅠㅠㅠ 파울리한테 살갑게 선물까지 챙겨주면서도 임무에 필요하다면 죽여야지 하는거보고 언젠가 자기도 저렇게 버려질거라고 생각했겠지","","","",""
"877375385020669953","877343201572421634","877195967023403009","2017-06-21 03:59:27 +0000","<a href=""http://twitter.com"" rel=""nofollow"">Twitter Web Client</a>","푸딩은 보란듯이 터포키 앞에서 자기 용서하고 받아준 장관의 보좌로서 이전처럼 이것저것 챙겨주고 터포키는 눈에서 레이저빔 쏠 것처럼 노려보는데(실제로 쏠 수 있음) 정작 푸딩은 자길 지켜보는 터포키의 한쪽 기계눈이 못내 눈에 거슬렸으면 좋겠어요ㅠ0ㅠ","","","",""
"877375155986587649","877374308149977088","877195967023403009","2017-06-21 03:58:32 +0000","<a href=""http://twitter.com/download/android"" rel=""nofollow"">Twitter for Android</a>","솔직히 골골거리며 해군본부 어드메에 갇혀지내기 보다는 튼튼해졌다고 착각하곤 cp0 들어가서 세계 여기저기 여행다니며 좀 즐겁게 살았으면 좋겠네. 그리고 어라? 하고 순식간에 고통없이 죽으면... 최고 해피엔딩 아닌가여 &lt;&lt;&lt;도름","","","",""
"877374308149977088","877374028607913984","877195967023403009","2017-06-21 03:55:10 +0000","<a href=""http://twitter.com/download/android"" rel=""nofollow"">Twitter for Android</a>","그런데 엄청 비싸고 독한 약이라 이렇게까지 먹어댄 사람이 없어서 아무도 그걸 몰랐으면 좋겠다. 심지어 통각신경이 손상되면서 아픔을 덜 느끼니까 건강해졌나?? 착각하고 더 무리해버리는 거야","","","",""
"877374066490957824","","","2017-06-21 03:54:12 +0000","<a href=""http://twitter.com/download/android"" rel=""nofollow"">Twitter for Android</a>","혐스일 세계관에 오메가버스 끼얹으면 대박이겠다 스팬담이 된것도 서러운데 얘가 열성 오메가래 근데 딴놈들은 다 알파야 사카즈키 루치 카쿠 다 알파 심지어는 베타인줄 알았던 보좌관 푸딩마저 우성 알파임","","","",""
"877374028607913984","","","2017-06-21 03:54:03 +0000","<a href=""http://twitter.com/download/android"" rel=""nofollow"">Twitter for Android</a>","처음 먹기 전부터 의사가 신경 손상될 수 있다고 위험하다고 경고한 진통제를 8년이나 장기복용한 장관... 어째 일단 건강을 회복하더라도 시한폭탄을 하나 품고 살지 않을까. 언제 쓰러져 죽어버려도 이상하지 않은 몸인거야","","","",""
"877372589106016256","877371446753873920","877195967023403009","2017-06-21 03:48:20 +0000","<a href=""http://twitter.com/download/android"" rel=""nofollow"">Twitter for Android</a>","카쿠 대비참하게 자기가 이렇게까지 하는데 왜 모르지? 아니면 알면서 피하는건가? 내가 그렇게 매력이 없나? 하고 고뇌하는 카쿠... 워터세븐 잠입 있을 때도 이러지 않았는데 하는 카쿠...","","","",""
"877371446753873920","","","2017-06-21 03:43:48 +0000","<a href=""http://twitter.com/download/android"" rel=""nofollow"">Twitter for Android</a>","카쿠 작정하고 장관님 꼬시는거 보고싶다. CP9랑 다른 CP들, 시장님도 와 쟤 진짜 작정했구나 하는데 카쿠가 자기 꼬시는거 장관님은 모름. 카쿠 비참한데 꿋꿋하게 대시하는데... 장관님 전혀 눈치 못채고 얘 왜이러지 뭐 잘못 먹었나;; 하는 장관님","","","",""
"877369293414866945","","","2017-06-21 03:35:14 +0000","<a href=""http://twitter.com/download/android"" rel=""nofollow"">Twitter for Android</a>","자기 이름 기억 안나는 고삼이 보고싶다 어느날 문득 이름이 더 이상 기억나지 않는걸 깨닫고 오랫동안 상실감에 빠지는 고삼이 불쌍해 그러니까 원작루트대로 가서 CP0되고 루치에게 새 이름을 받자 제임스나 핫토리 주니어나 점례같이 예쁜 뉴네임","","","",""
"877363682828734465","","","2017-06-21 03:12:57 +0000","<a href=""http://twitter.com/download/android"" rel=""nofollow"">Twitter for Android</a>","카쿠스파 개쩔어요 ㅠㅠㅠ 카쿠스파 넘 조아,,,","","","",""
"877362881725059072","","","2017-06-21 03:09:46 +0000","<a href=""http://twitter.com/download/android"" rel=""nofollow"">Twitter for Android</a>","장관님 꾸미는 푸딩과 블라썸 보고싶다 장관님의 옷을 맞추고 피부랑 머리카락 케어해주고 네일해주며 장관님을 취향대로 꾸미는 블라썸 그 옆에선 푸딩이 장관님의 정신을 취향대로 꾸미고있음 이것이 바로 얀데레 합작이다","","","",""
"877360650095181824","877359481725702144","877195967023403009","2017-06-21 03:00:54 +0000","<a href=""http://twitter.com/download/android"" rel=""nofollow"">Twitter for Android</a>","착각계

CP 오늘 장관님이 보좌관의 옷과 도청기를 들고 있는걸 봤다. 아마 보좌관의 옷에서 도청기를 발견하신거겠지. 한참 고민하시다가 도청기를 주머니에 집어넣으셨는데, 프락치일지도 모르는 보좌관을 감싸며 기회를 주시는 그 모습... 과연 장관님!","","","",""
"877360545757773824","","","2017-06-21 03:00:29 +0000","<a href=""http://twitter.com/download/android"" rel=""nofollow"">Twitter for Android</a>","RT @Elle_ahen: 스팬담이 몸 되찾고 장관님이 자기 몸으로 원피스 트립해오면 다들 스팬담이 장관님 킵해갈거라고 하시는데 해군도 마찬가지일거 같다. 알고보니 그 세기의 천재 장관은 이 소년이었다!! 알게 되서 심지어 어려. 어린데 그런 천재야…","877354565925879809","877184891640729600","2017-06-21 02:36:43 +0000",""
"877359481725702144","","","2017-06-21 02:56:15 +0000","<a href=""http://twitter.com/download/android"" rel=""nofollow"">Twitter for Android</a>","하찮은 얀데레 장관으로 푸딩스파 보고싶다

장: 오늘은 푸딩이 샤워하는 틈을 타 푸딩의 옷에 도청기를 달아보겠습니다!

현실: 푸딩의 샤워씬이 신경쓰여서 엣엣거리다가 부하의 엉덩이를 노리는 변태상사로 낙인찍힘","","","",""
"877358086012325888","877356613169930240","877195967023403009","2017-06-21 02:50:42 +0000","<a href=""http://twitter.com/download/android"" rel=""nofollow"">Twitter for Android</a>","다시 눈을 떴을때 주변엔 아무것도 없을거다. 얄밉게 비꼬던 그 목소리의 공백이 눈물날 정도로 서럽겠지. 또 혼자가 됐다는 고독감이 무서울만치 크다. 장관은 몸을 웅크리고 눕는다. 생기 없는 눈동자가 초점을 잃고 몇번째인지 모를 스팬담을 망상한다.","","","",""
"877356613169930240","877355275249827840","877195967023403009","2017-06-21 02:44:51 +0000","<a href=""http://twitter.com/download/android"" rel=""nofollow"">Twitter for Android</a>","스 아직 정신 잃지마. 제일 중요한걸 못 기억해냈잖아.
장 싫, 어. 이제, 그만, 그만하자. 그만해줘. 부탁이야. 스팬담.
스 다시 묻지. 유령도 아닌 내가 어떻게 너를 이해할 수 있었을까? 너무 뻔한 결론 아닌가.
장 ...","","","",""
"877355746706333698","877355256274747396","877195967023403009","2017-06-21 02:41:25 +0000","<a href=""http://www.twitter.com"" rel=""nofollow"">Twitter for Windows</a>","사법섬에 사건 생기면 나름 둘이 사법섬을 지키기 위해 노력하지 않을까? 물론 합심하지는않고 각자 다른 방법으로.왜냐면 스팬담은 CP 말단들을 희생시켜서라도 사법섬 자체를 지키려고 할 거고, 장관은 사법섬을 희생시켜서라도 CP들을 지키려고 할 테니까.","","","",""
"877355275249827840","877354343300608000","877195967023403009","2017-06-21 02:39:32 +0000","<a href=""http://twitter.com/download/android"" rel=""nofollow"">Twitter for Android</a>","스 아 이런. 내가 울린거야? 울지마, 장관. 네가 얼마나 괴로워하고 발버둥치든 너는 지금 스팬담이야. 죽으면 이 지옥같은 현실에서 벗어날수 있을거라고 생각하지? 어쩌면 원래 세계로 돌아갈 수 있을지도 몰라! 네 보잘것없는 희망은 참 멍청해. 그치.","","","",""
"877355256274747396","877354878036619265","877195967023403009","2017-06-21 02:39:28 +0000","<a href=""http://www.twitter.com"" rel=""nofollow"">Twitter for Windows</a>","돈이나 아버지 빽이나 더 높은 곳에 닿은 연줄 같은 건 스팬담이 휘어잡고 있는데 사법섬 내 인망과 정보는 장관님이 꽉 잡고 있는 게 보고 싶다. 그래도 스팬담 나름 능력 있는데 기싸움 팽팽하지 않을까.","","","",""
"877354878036619265","877354561647689729","877195967023403009","2017-06-21 02:37:58 +0000","<a href=""http://www.twitter.com"" rel=""nofollow"">Twitter for Windows</a>","1번 분기점으로 갔을 때는 장관님이 속으로 스팬담 욕 엄청 하면서 스팬담을 내쫓아버리거나 엿먹일 계획 세우지 않을까? 상상만해도 너무 좋다","","","",""
"877354561647689729","877354527128604677","877195967023403009","2017-06-21 02:36:42 +0000","<a href=""http://www.twitter.com"" rel=""nofollow"">Twitter for Windows</a>","만약 장관님이 베가펑크한테 몸을 받았을 때 스팬담 모습이 아니었다고 해도, 푸딩만큼은 금세 장관님을 알아본다는게 제 동인 설정입니다 헤헤","","","",""
"877354527128604677","877354016354652160","877195967023403009","2017-06-21 02:36:34 +0000","<a href=""http://www.twitter.com"" rel=""nofollow"">Twitter for Windows</a>","지하에 있는게 플루톤일지도 모른다고 생각한 혁명군이 몰래 잠입했다가 거기에 장관님이 갇혀있는 걸 보고 일단 기절시켜 납치한다는 게 2번.","","","",""
"877354343300608000","877352723913383936","877195967023403009","2017-06-21 02:35:50 +0000","<a href=""http://twitter.com/download/android"" rel=""nofollow"">Twitter for Android</a>","스 벌벌 떨면서 침대로 기어들어가는 꼴 한번 애처롭군. 잠도 안오지? 네게 필요한건 이런 쓸데없이 푹신한 침대와 암막커튼이 아니니까. 애들이랑 놀이공원 가기로 약속잡았는데. 어쩌면 파자마 파티도 할지 모르는데. 외로워. 엄마 보고싶다. 언제 끝나지?","","","",""
"877354195942121473","","","2017-06-21 02:35:15 +0000","<a href=""http://twitter.com/download/android"" rel=""nofollow"">Twitter for Android</a>","존잘님들... 카쿠스파 스파장관 넘 맛있어요... (무릎갈림","","","",""
"877354016354652160","877353491571683329","877195967023403009","2017-06-21 02:34:32 +0000","<a href=""http://www.twitter.com"" rel=""nofollow"">Twitter for Windows</a>","여기에서 분기점이 갈릴 것 같은데, 갑자기 장관이 이상하게 바뀌니까 이건 장관님이 아닐지도 모른다고 생각한 터포키가 지하로 몰래 내려갔다가 갇혀있는 장관님 발견하고 구출, 결국 스팬담이 장관을 또다른 자기 자신이라고 공표하고 2장관 체제로 가는게 1번","","","",""
"877353491571683329","877353003337998338","877195967023403009","2017-06-21 02:32:27 +0000","<a href=""http://www.twitter.com"" rel=""nofollow"">Twitter for Windows</a>","스팬담이 장관님한테 정보랑 플루톤 뱉으라고 내장을 뽑아 먹으려고 노력하지만 장관님은 스팬담을 극혐하니까 절대 입을 열지 않고.. 그렇게 2주쯤 지나니까 사법성에 소문이 돌기 시작함. 스팬담이 매일 지하로 내려가는데 거기에 뭔가 중요한 걸 숨겨놨다고","","","",""
"877353246620172289","","","2017-06-21 02:31:29 +0000","<a href=""http://twitter.com/download/android"" rel=""nofollow"">Twitter for Android</a>","스파장관 서로 소통 가능했으면 8년이나 본건데 이젠 그냥 가족 같을듯. 애초에 둘이 프라이버시 지킬 수 있는 여건도 아니고. 유령 스팬담이 막 늘어지게 누워서 백수 삼촌처럼 있고 장관님은 일한다고 바빠서 짜증내고 그럴듯","","","",""
"877353003337998338","877352585417572352","877195967023403009","2017-06-21 02:30:31 +0000","<a href=""http://www.twitter.com"" rel=""nofollow"">Twitter for Windows</a>","스팬담에게 인권 인식 그런 거 1도 없으니까 자연스럽게 장관님을 사법성 지하감옥 깊은 곳에 가둬버림. 그래도 또다른 나니까 감옥 끝내주고 잘 지어놓고 밥도 맨날 맛있는 걸로 주는데 밖으로는 절대 못나감.","","","",""
"877352774580658177","877352150954672129","877195967023403009","2017-06-21 02:29:36 +0000","<a href=""http://twitter.com/download/android"" rel=""nofollow"">Twitter for Android</a>","그리고 자신의 죽음에조차 초연하던 장관이 타깃이던 아이스버그의 위험에 안색 싹 바뀌는 것을 지켜보는 카쿠도 보고싶군요😂(장관:앗시 나랑 엮인 거 때문에 원작 조또 상관없는데 죽으면 어쩌지)","","","",""
"877352723913383936","877351626503213057","877195967023403009","2017-06-21 02:29:24 +0000","<a href=""http://twitter.com/download/android"" rel=""nofollow"">Twitter for Android</a>","장 피곤해. 씨발 얼굴 아파. 약먹고 잘거야. 푸딩 밖에 있어?
스 내 다정한 보좌관은 어제 저녁부터 자리를 비우기로 했잖아.
장 머리 아프니까 좀 닥쳐
스 그럼 네가 생각을 그만하면 되는거 아냐? 간단하게.
장 닥치라고 정말 머리 깨질것같으니까","","","",""
"877352585417572352","877352309440757760","877195967023403009","2017-06-21 02:28:51 +0000","<a href=""http://www.twitter.com"" rel=""nofollow"">Twitter for Windows</a>","스팬담은 장관님이 자기 자신이라고 생각하니까 새 몸으로 자기랑 똑같이 생긴 걸 줬을듯. 장관님 입장에서는 날벼락이었겠지. 이제 좀 죽고 쉬나 했는데 갑자기 새 몸에 집어넣어진 거 아닌가","","","",""
"877352309440757760","877352198144901121","877195967023403009","2017-06-21 02:27:45 +0000","<a href=""http://www.twitter.com"" rel=""nofollow"">Twitter for Windows</a>","그렇게 스팬담은 정상결전 이후 몸을 되찾게 되자 베가펑크의 힘을 빌려 잠들어버린 또다른 나 자신을 억지로 끄집어내게 되는데...","","","",""
"877352198144901121","","","2017-06-21 02:27:19 +0000","<a href=""http://www.twitter.com"" rel=""nofollow"">Twitter for Windows</a>","스팬담 근자감 하난 쩌니까 몸속에서 장관님 하는 거 보고 장관님이 자신의 또다른 인격이라고 착각하는 거 보고 싶다.역시 나다, 능력있어. 그런데 내가 플루톤을 읽을 줄 알았던가..? 어쨌든 또다른 나의 힘으로 플루톤을 부활시킬 수 있겠군! 하하ㅏ하","","","",""
"877352150954672129","","","2017-06-21 02:27:07 +0000","<a href=""http://twitter.com"" rel=""nofollow"">Twitter Web Client</a>","카쿠가 파울리의 죽음에 대해 물었던 때와 지극히 똑같은 어조로 나도 죽어야 한다면 죽는 거겠지, 하고 대답하는 장관 모습에 심장이 철렁 내려앉는 카쿠가 보고싶군요(장:원작에서 안 죽는 걸 알고 있으니까 뭐)","","","",""
"877351626503213057","877350452442021888","877195967023403009","2017-06-21 02:25:02 +0000","<a href=""http://twitter.com/download/android"" rel=""nofollow"">Twitter for Android</a>","스 내가 정말 유령이라고 생각하나? 너 산타도 믿고 그래?
장 유령이 아니면 널 어떻게 설명하는데.
스 왜 자꾸 피하려들지. 스팬담같은 멍청이는 아니잖아 우리.
장 우리가 아니라 너랑 나야.
스 장관, 유령도 아닌 내가 어떻게 너를 알고 있을까.","","","",""
"877350452442021888","877349041759166464","877195967023403009","2017-06-21 02:20:22 +0000","<a href=""http://twitter.com/download/android"" rel=""nofollow"">Twitter for Android</a>","스 언제까지 이짓거리 할 생각이야 넌.
장 네가 먼저 내 생각을 보는걸 그만두면 되잖아. 아 그만두고 싶다고 그만둬지는건 아닌가
스 나는 그런적 없어. 어떻게보면 나 자체가 네 사고의 일부일지도 모르지, 장관.
장 ...진심인데, 무슨 소리야?","","","",""
"877349041759166464","877348089761103873","877195967023403009","2017-06-21 02:14:46 +0000","<a href=""http://twitter.com/download/android"" rel=""nofollow"">Twitter for Android</a>","장 (뭐야 미친 내 생각을 읽는건가??? 사실 뇌는 공유하고 있었다 뭐 그런거야?????)
스 왜그래? 당황했어?
장 (당연한거 아니냐 스팬담 C발새끼가 누구라도 자기 뇌가 공공재였다는걸 알면 당황하겠지 멍청한 자식아) 너라면 침착할 수 있겠냐","","","",""
"877348089761103873","877346719649878016","877195967023403009","2017-06-21 02:10:59 +0000","<a href=""http://twitter.com/download/android"" rel=""nofollow"">Twitter for Android</a>","장 (내알바ㅇㅅㅇ;..?)
스 철 좀 들어! 영원히 네가 학생일거라고 생각하냐?
장 ...음. 갑자기 궁금해진건데. 넌 내가 학생이라는걸 어떻게 알아?
스 네가 그걸 알고 있으니까. 고3인것도 수능끝난뒤 뛰어나오다 차에 치인 것도 알고있지","","","",""
"877347785191825411","","","2017-06-21 02:09:46 +0000","<a href=""http://twitter.com/download/android"" rel=""nofollow"">Twitter for Android</a>","RT @naya_spall: 혐스일로 카쿠장관 망상을 돌려볼 때 제일 즐거운 부분 = 루치의 논파 덕분에 카쿠의 장관에 대한 인식이 깨지고 어찌저찌 썸 비슷한거 타면서 운좋으면 손잡고 뽀뽀까지 진도 나갔을 때, 그 마음 간질간질한 시기에 사실은 옛인…","877339344901623809","871331512188149760","2017-06-21 01:36:14 +0000",""
"877346719649878016","877344883878445056","877195967023403009","2017-06-21 02:05:32 +0000","<a href=""http://twitter.com/download/android"" rel=""nofollow"">Twitter for Android</a>","이대로 스팬담과 기묘한 동거를 시작하는 고삼이도 재밌겠지만,, 사실 스팬담이 정말 환영이었다는 전개

스 야. 너 술 마셔도 되냐? 아무리 내 몸이라도 속알맹이는 어린애잖아
장 어짜피 약때문에 못마시는데.
스 맞다...젠장, 내 몸이니까 좀 아끼라고","","","",""
"877344883878445056","877343837181460482","877195967023403009","2017-06-21 01:58:15 +0000","<a href=""http://twitter.com/download/android"" rel=""nofollow"">Twitter for Android</a>","여긴 어쨌거나 만화속 세상이잖아 초대형 거인이 우리집 정문을 지키는 마당에 유령이 나오지 않으란 법은 또 어딨어? 현실타협이 빠른 (&lt;-물론 어디까지나 개인적인 캐해석) 고삼이는 한달이 채 안되서 스팬담과 그의 헛소리대잔치에 익숙해지고만것이다","","","",""
"877343837181460482","877342421738115073","877195967023403009","2017-06-21 01:54:05 +0000","<a href=""http://twitter.com/download/android"" rel=""nofollow"">Twitter for Android</a>","장관이 일주일간 관찰해본 결과, 이 요상한 스팬담의 망령은 장관 본인에게만 보임 (고삼이: 드디어 내가 미쳐서 헛것을 보는건가) 근데 스팬담이 자기 몸을 내놓으라며 지랄하는거보면 정말 영혼인가 싶기도 하고.","","","",""
"877343201572421634","","","2017-06-21 01:51:34 +0000","<a href=""http://twitter.com"" rel=""nofollow"">Twitter Web Client</a>","흑흑 푸딩터포키 사약 드신 분 없으신가요 흑흑흑 푸딩이 나는 장관님을 따르리라 하고 혁명군 때려치고 보좌관으로 돌아온 평행세계로 여전히 푸딩이 못미더운 터포키와 그런 터포키가 알짱거리는 게 신경쓰이는 푸딩으로 배틀호모(일방적)가 보고싶습니다ㅠ0ㅠ","","","",""
"877342421738115073","877342226933628930","877195967023403009","2017-06-21 01:48:28 +0000","<a href=""http://twitter.com/download/android"" rel=""nofollow"">Twitter for Android</a>","스 야. 어이. 일어나.
장 (으) 푸딩 나 잘거니까 깨우지 말라고 했잖...
장 ...스팬담?
스 내 침실을 아예 동굴로 써먹는군. 폐인도 아니고 뭔 꼬라지냐 그게
장 (아니 일단 오리지널도 충분히 폐인이었거든...)","","","",""
"877342226933628930","","","2017-06-21 01:47:41 +0000","<a href=""http://twitter.com/download/android"" rel=""nofollow"">Twitter for Android</a>","장관스파 생각해내신분 노벨상드리자...장관+스팬담 조합으로 스팬담이 보이는 장관 보고싶다 CP9들 워터세븐 보내고 백수생활 하던 때 즈음부터 뜬금없이 스팬담(의 영혼?)이 보이기 시작한 고삼이","","","",""
"877341839086440449","877331870588870656","877195967023403009","2017-06-21 01:46:09 +0000","<a href=""http://twitter.com/download/android"" rel=""nofollow"">Twitter for Android</a>","이전 대숲과 같은 설정으로 맞춰두었습니다!","","","",""
"877340294282268672","877325528608288769","877195967023403009","2017-06-21 01:40:01 +0000","<a href=""http://twitter.com"" rel=""nofollow"">Twitter Web Client</a>","푸딩은 평온하고 터포키는 혼자 안절부절한 그 시기에 루치가 자기 스스로 제한시간 걸어놓았던 미션 아슬아슬하게 마치고 돌아오면서 자기 보고 받으라고 장관 깨울 것 같곸","","","",""
"877337383338786817","","","2017-06-21 01:28:26 +0000","<a href=""http://twitter.com/download/android"" rel=""nofollow"">Twitter for Android</a>","저는야 대숲 읽느라 지각한 사람...존잘님들 언제나 썰 잘 보고있어요°◇°))9","","","",""
"877336907738259456","","","2017-06-21 01:26:33 +0000","<a href=""http://twitter.com"" rel=""nofollow"">Twitter Web Client</a>","장관님이 싸이코한테 스토킹 당하면 어떻게 될까.. 라는 생각을 했었는데 장관님이 눈치 채기전에 처리할 사람이 121354987797명이다.. 장관님한테 오는 선물들도 다 검사되고 전달되지 않을까..","","","",""
"877331870588870656","","","2017-06-21 01:06:32 +0000","<a href=""http://twitter.com/download/android"" rel=""nofollow"">Twitter for Android</a>","저 일단 이 계정 알림 꺼놨습니다!","","","",""
"877331220056625156","877330869865693184","877195967023403009","2017-06-21 01:03:57 +0000","<a href=""http://twitter.com/download/android"" rel=""nofollow"">Twitter for Android</a>","걸음조차 하지않구 씨피들 품에서 품으로 전해지며 이동하는 장관...
씨피: 장관님 이제 땅 밟지도 않으시게 하겠습니다!
장관:
씨피: 장관님은 이제 꽃길만 걷자!
장관: 그만둬","","","",""
"877330869865693184","","","2017-06-21 01:02:34 +0000","<a href=""http://twitter.com/download/android"" rel=""nofollow"">Twitter for Android</a>","근데 솨아실 장관님 몸 로우로 갈아끼든 베가펑크로 갈아끼든 할것같네요. 몸 내구도가 한계에 달해부렀어... 지금 상태로 깨어나면 걸음걸음 핏방울을 흩뿌리며(??)갈거같아여","","","",""
"877327928098344960","","","2017-06-21 00:50:52 +0000","<a href=""http://twitter.com/download/android"" rel=""nofollow"">Twitter for Android</a>","RT @eastline16: 대존예 오장님도 이완빔장관님도 좋은데 슬슬 미모버프 못받은 스팬담ts도 좋다 싶어...안예쁘고 못됐고 인성바닥 나댐 악녀였다가 빙의되어서 그동안 해온 게 한낱 연기 되어버리고 애정결핍에 비상한 머리와 아슬아슬함으로 세계를…","876480769702510592","871575023340838912","2017-06-18 16:44:34 +0000",""
"877327843973152768","","","2017-06-21 00:50:32 +0000","<a href=""http://twitter.com/download/android"" rel=""nofollow"">Twitter for Android</a>","RT @eastline16: 장관 진짜 소원대로 재판 때 은퇴 성공해서 존엄성만 유지해주는 은퇴 중책들 사는 섬에서 살았다면 어떨까 생각했다가 아찔해짐....은퇴만 보고 있었어서 인생 목적 사라졌고 그 허탈함도 쉼이다 여기면서 멍때리다보면 금같이 비…","876337606853771266","871575023340838912","2017-06-18 07:15:41 +0000",""
"877325528608288769","877323709110919168","877195967023403009","2017-06-21 00:41:20 +0000","<a href=""http://twitter.com"" rel=""nofollow"">Twitter Web Client</a>","푸딩은 일 잠시 스톱하고 장관이 잠시 잘 수 있도록 배려하면서 장관 경비로 산 고급차마시는데 터포키는 빨리 일을 끝마치고 장관님이 확실히 쉬셨으면 해서 깨워야 한다고 생각은 하는데 차마 손도 못 대고 이름도 크게 못 부르고 옆에서 안절부절할 것 같네요","","","",""
"877323709110919168","","","2017-06-21 00:34:06 +0000","<a href=""http://twitter.com"" rel=""nofollow"">Twitter Web Client</a>","장관 사무실 책상에서 업무 보다가 피곤해서 꾸벅꾸벅 조는 평화로운 오전이 보고싶은 아침이네요(퀭)","","","",""
"877322049282228229","","","2017-06-21 00:27:31 +0000","<a href=""http://twitter.com/download/android"" rel=""nofollow"">Twitter for Android</a>","인장에 장관님 넘 평화롭다... 나도 오리배 타고 둥둥 하고시퍼... 물놀이 가고싶당","","","",""
"877317939149520899","","","2017-06-21 00:11:11 +0000","<a href=""http://twitter.com"" rel=""nofollow"">Twitter Web Client</a>","새로운 대숲와서 너무 설레네요..근데 어제 날라간 썰 백업을 안 한걸 생각하니 ㅎㅎ..😂 오늘 근무시간에 열심히 생각해서 다시 올려봐야지..(하지만 머리가 벌써 백지..","","","",""
"877314417171374080","877313513575677952","877195967023403009","2017-06-20 23:57:11 +0000","<a href=""http://twitter.com/download/android"" rel=""nofollow"">Twitter for Android</a>","사실 8년동안 침대에까지 골인하면 장관 성격 상 내치지 못할 것 같아서 여러 번 꼬셔봤는데(???) 장관이 철벽수비로 눈치도 못 챘던거면 웃기겠네
푸)) (끈적끈적한 시선)
장)) (빨리 일 하라고 노려보는 건가)","","","",""
"877313513575677952","877312680729563136","877195967023403009","2017-06-20 23:53:35 +0000","<a href=""http://twitter.com/download/android"" rel=""nofollow"">Twitter for Android</a>","원작스팬담 이상형이야 플루톤이지만(...) 애인을 둔다면 좀 멍청하고 순둥한 타입을 원할 것 같으니까 거기에 맞춰 푸딩 성격을 설정한 거라면 조케따. 혁명군 프락치니까 몸과 마음을 바칠 각오를 하고 들어갔겠지","","","",""
"877312680729563136","877311804921204736","877195967023403009","2017-06-20 23:50:17 +0000","<a href=""http://twitter.com/download/android"" rel=""nofollow"">Twitter for Android</a>","근데 왜 금발이었나??? 하면 푸딩이 빙구설정과 합쳐서 금발백치미인 미인계(...)가 떠오르고... 여차하면 진짜 꼬셔 볼 생각이었던 거 아닐까","","","",""
"877311804921204736","877311282575048704","877195967023403009","2017-06-20 23:46:48 +0000","<a href=""http://twitter.com/download/android"" rel=""nofollow"">Twitter for Android</a>","군인컷으로 밀어버리기는 싫으니 다시 염색을 할 텐데 갈색으로 할까 금발로 할까 고민하는 푸딩이 보고싶은 것이다... 장관이 혹시 머리색 달라져서 못 알아봄 어뜨케...ㅇㅅㅇ(다시 만날 생각 백퍼 이씀","","","",""
"877311282575048704","","","2017-06-20 23:44:44 +0000","<a href=""http://twitter.com/download/android"" rel=""nofollow"">Twitter for Android</a>","어디서 본 썰 같은데 (대숲이었나...) 푸딩 원래 머리색은 갈색인데 위장용으로 금발로 염색한거라 혁명군 돌아가고 진짜 🍮색깔 되버리면 웃기겠다. 드래곤이든 (시험하려고) 사보든 (걍 생각나서) 분명 푸딩을 푸딩이라고 부를 것이다","","","",""
"877304945615163392","877301822343401473","877195967023403009","2017-06-20 23:19:33 +0000","<a href=""http://twitter.com/download/android"" rel=""nofollow"">Twitter for Android</a>","또 금방 복작복작해질 겁니다! 분명히","","","",""
"877303015786520577","877302243237568512","840833264277417985","2017-06-20 23:11:53 +0000","<a href=""http://twitter.com/download/android"" rel=""nofollow"">Twitter for Android</a>","@jwapyoman_ 멋진 그림 허락해주셔서 감사합니다♥\('▽')/","","","",""
"877301822343401473","","","2017-06-20 23:07:08 +0000","<a href=""http://twitter.com/download/android"" rel=""nofollow"">Twitter for Android</a>","대숲 또 복작복작해졌으면 조케따😭","","","",""
"877301116727287809","877299555066298369","877195967023403009","2017-06-20 23:04:20 +0000","<a href=""http://twitter.com/download/android"" rel=""nofollow"">Twitter for Android</a>","근데... 의사쌤이 내장이랑 장기 다 나갔댔는데... 영양섭취 어떡해... 장관이라 고급음식 먹는 게 그나마 삶의 낙 아니였을까... 먹는 즐거움도 없다니 넘 가엾어","","","",""
"877299555066298369","877298449254723584","877195967023403009","2017-06-20 22:58:08 +0000","<a href=""http://twitter.com/download/android"" rel=""nofollow"">Twitter for Android</a>","앗 그치만 푸딩도 샐러리주스(웩) 따위를 먹였던 인간... 음 푸딩은 맛없어도 혈당에 좋아요~ 이거 먹으면 사탕드릴게요~ 구슬ㄹ렸을 것 같고 터포키는... 드셔야 함니다(엄근진)하고 표정 딱딱하고(속맘:오래사세요ㅠㅠ) 와 장관 완전 무서웠을 듯","","","",""
"877298449254723584","877297618056904704","877195967023403009","2017-06-20 22:53:44 +0000","<a href=""http://twitter.com/download/android"" rel=""nofollow"">Twitter for Android</a>","첨에는 죽다 살아나서 입맛이 없나...? 했지만 그냥 싫어한다는 걸 알고도 꿋꿋이 ''건강식단''으로만 챙겨주는 터포키가 보고싶다. 그 프락치는 달콤한 행동으로 장관님을 꼬셨ㅅ지만 전 진정한 충정입니다!! 장))하지만 맛없는걸;","","","",""
"877297618056904704","","","2017-06-20 22:50:26 +0000","<a href=""http://twitter.com/download/android"" rel=""nofollow"">Twitter for Android</a>","푸딩은 푸딩을 잘 만드는 것만 봐도 장관 밥을 잘 챙겨줬을 것이다. 맛나고 고급스러운 상만 받아온 장관... 터포키의 군인st 고단백 고영양 무설탕 건강식단에 쇼크받아라... 무과당 포도즙과 스파클링 포도주스의 차이","","","",""
"877296236289589248","877295206831226880","877195967023403009","2017-06-20 22:44:56 +0000","<a href=""http://twitter.com/download/android"" rel=""nofollow"">Twitter for Android</a>","앗 갯지렁이가 아닌 장관이라니 캐붕입니다&lt;&lt;&lt;","","","",""
"877295206831226880","877294945173819392","877195967023403009","2017-06-20 22:40:51 +0000","<a href=""http://twitter.com/download/android"" rel=""nofollow"">Twitter for Android</a>","@spandambamboo3 적응안되고 컨트롤 미스였기 때문이고 고삼이 원래 몸으로 도력측정하면.....음....한 20나와줘...주위사람 다 놀라고..","","","",""
"877295202242764802","877294021151834113","877195967023403009","2017-06-20 22:40:50 +0000","<a href=""http://twitter.com/download/android"" rel=""nofollow"">Twitter for Android</a>","앗 글코보니 장관님 8년 동안 휴가 한 번도 없이 계속 일만 했던 거야??? 원피스세계 잔인하다....... 사퇴도 못하게 하고 아이고 이건 장관인지 노예인지 모르겄네","","","",""
"877294945173819392","","","2017-06-20 22:39:48 +0000","<a href=""http://twitter.com/download/android"" rel=""nofollow"">Twitter for Android</a>","유령스팬담으로..고삼이가 몸을 찾고...스팬담도 다시 돌아왔다! 라면 둘의 도력은 어케 될가,,,? 스팬담은 원작처럼 펑크프리드 들고 9(....)
고삼이는...의외로 높게 나왔으면 좋겠다. 1이 나와버렸던건 딴사람 몸에 빙의해서","","","",""
"877294021151834113","877292926442774528","877195967023403009","2017-06-20 22:36:08 +0000","<a href=""http://twitter.com/download/android"" rel=""nofollow"">Twitter for Android</a>","((긍정회로)) 8년이나 수면부족에 과로로 지쳤으니까 장관님은 지금 푹 숙면을 취하는 중인지도 몰라! 휴가도 없이 일했는데 이참에 잘 쉬었으면 좋겠네,,, 혼수상태지만,..","","","",""
"877292926442774528","","","2017-06-20 22:31:47 +0000","<a href=""http://twitter.com/download/android"" rel=""nofollow"">Twitter for Android</a>","더 자고 싶은데 햇빛 때문에 잠이 안 온다... 해가 지지 않는 에니에스 로비는 천지가 불면증 환자 아닐까... 장관님 다크서클의 이유는 역시 잠을 자지 못해서일거야...","","","",""
"877283240658075648","","","2017-06-20 21:53:18 +0000","<a href=""http://twitter.com/download/android"" rel=""nofollow"">Twitter for Android</a>","에어컨 때문에 덜덜떠는 장관님한테 겉옷 벗어주는 CP9와 푸딩이와 터포키가 보고싶은 아침이네요. 애들 옷 속에 파묻힌 장관님.","","","",""
"877262968274145282","877262220224331776","877195967023403009","2017-06-20 20:32:45 +0000","<a href=""http://twitter.com/download/android"" rel=""nofollow"">Twitter for Android</a>","우왓 리퀘 그려주셔서 감사합니다!! 즐거워 보이네요...;ㅇ; 장관님 삶 진짜 넘 험악해서... 웃는 모습이 캐붕같아요ㅜㅜㅜㅜ 해피할 날이 오기는 할까요...","","","",""
"877262220224331776","877252630476726272","877195967023403009","2017-06-20 20:29:46 +0000","<a href=""http://twitter.com"" rel=""nofollow"">Twitter Web Client</a>","&gt;리퀘박스&lt; 앗앗 진짜 레어한 거...! 환하게 웃는 장관님이요!!! 막 입벌리고 기쁘게 웃는... ;_;(말잇못

뭔가 사이코처럼 그려졌지만 환하게 웃는거 혐스일에 과연 나올수있을까요..ㅠ..ㅠㅠ...ㅠ.ㅠ...절대 안나오겠지(지금 심정지인데... https://t.co/h0SwEaDjtM","","","","https://twitter.com/spandambamboo3/status/877262220224331776/photo/1"
"877261605909569536","","","2017-06-20 20:27:20 +0000","<a href=""http://twitter.com"" rel=""nofollow"">Twitter Web Client</a>","아 장관님 불행해... 하구 얼굴 가리고 있는거 그리는 중에 날라갔다... 인생...","","","",""
"877260504175058944","877259295875751938","877195967023403009","2017-06-20 20:22:57 +0000","<a href=""http://twitter.com/download/android"" rel=""nofollow"">Twitter for Android</a>","부끄러워한다는 사실을 부끄러워하는 장관님이라니... 으아 넘 이쁘네요!!//ㅁ// 고백이라도 받은 걸까나~","","","",""
"877259295875751938","877258693003415552","877195967023403009","2017-06-20 20:18:09 +0000","<a href=""http://twitter.com"" rel=""nofollow"">Twitter Web Client</a>","이 새벽에 깨어있는 보람이 엄청난 리퀘문의자였습니다...(행복하다) 맞아요... 장관님은 자신이 부끄러워하는건데 헉 스팬담새기 얼굴로 이게 무슨 짓이야... 이러면서 정색할거같아... 진짜 리퀘ㅐ 너무 이뻐여...사랑합니다...(하트하트..","","","",""
"877258693003415552","877252630476726272","877195967023403009","2017-06-20 20:15:45 +0000","<a href=""http://twitter.com"" rel=""nofollow"">Twitter Web Client</a>","&gt;리쿠ㅔ박스&lt; 장관님 부끄러어하는거요... 레어하게 시선 돌리거... 얼굴 붉고....귀엽겠다...

장관님 스스로 부끄러워하는것도 질겁하실것 같으신분..... 하지만 자신은 모르는 귀여움이 조쵸...

죄송합니다 계실했습니다..(아무도 안봤겠죠..? https://t.co/gPrAMzk6ji","","","","https://twitter.com/spandambamboo3/status/877258693003415552/photo/1"
"877257670972985344","","","2017-06-20 20:11:42 +0000","<a href=""http://twitter.com/download/android"" rel=""nofollow"">Twitter for Android</a>","RT @nasu92245: 뻘하지만 씨피구들이 장관 놀리려고 리얼한 시체놀이를 하는게 보고싶어졌다","877194578763194368","788393240256884736","2017-06-20 16:00:59 +0000",""
"877257586956836864","","","2017-06-20 20:11:22 +0000","<a href=""http://twitter.com/download/android"" rel=""nofollow"">Twitter for Android</a>","RT @UT__A_1P: 오장님은 롱헤어+거유+롱팬츠, 스팬담ts는 단발+빈유+미니스커트 라는게 개인적인 해석 https://t.co/cAdf3RCAdZ","877189757268140032","866345557215780864","2017-06-20 15:41:50 +0000","https://twitter.com/UT__A_1P/status/877189757268140032/photo/1,https://twitter.com/UT__A_1P/status/877189757268140032/photo/1"
"877257350184189956","","","2017-06-20 20:10:25 +0000","<a href=""http://twitter.com/download/android"" rel=""nofollow"">Twitter for Android</a>","RT @UT__A_1P: 워세 축제에서 19세 장관님한테 작업거는 18세 빙산씨 보고싶다. 톰과 바다열차 관련해서 상의할겸 몰래 구경나왔다 길잃은 장관님과 길 안내해준다고 말 걸었다가 정신차려보니 플러팅 하고있는 빙산씨 크으으....","877180145710145538","866345557215780864","2017-06-20 15:03:38 +0000",""
"877257271427817476","","","2017-06-20 20:10:06 +0000","<a href=""http://twitter.com/download/android"" rel=""nofollow"">Twitter for Android</a>","RT @dpnote: [혐스일] https://t.co/pNbLUhsYJk","877204265458049024","4220695526","2017-06-20 16:39:29 +0000","https://twitter.com/dpnote/status/877204265458049024/photo/1,https://twitter.com/dpnote/status/877204265458049024/photo/1"
"877257203652087808","","","2017-06-20 20:09:50 +0000","<a href=""http://twitter.com/download/android"" rel=""nofollow"">Twitter for Android</a>","RT @joa_nick: 아 진짜 지금 아무것도 안하고 있는데도 벌써부터 백업 귀찮음에 몸부림치고있음 과제는 하는시간10% 과제하기시름에몸부림치는시간90%라더니 그러니까 장관님도 자료 대박 날려먹어서 복구하느라 개고생하는거 보고싶다 몰라 누가 담배피…","877206101690793985","838214842506858496","2017-06-20 16:46:47 +0000",""
"877256114261315584","877252313831751681","877195967023403009","2017-06-20 20:05:30 +0000","<a href=""http://twitter.com/download/android"" rel=""nofollow"">Twitter for Android</a>","갠찮치 않을까여??? 울 장관님이 을매나 이쁜데!!","","","",""
"877254360098422785","","","2017-06-20 19:58:32 +0000","<a href=""http://twitter.com/download/android"" rel=""nofollow"">Twitter for Android</a>","RT @Rabi_CP: 재업2 https://t.co/zviv2RZ4wj","877223608237543425","877199460945739776","2017-06-20 17:56:20 +0000","https://twitter.com/Rabi_CP/status/877223608237543425/photo/1,https://twitter.com/Rabi_CP/status/877223608237543425/photo/1,https://twitter.com/Rabi_CP/status/877223608237543425/photo/1,https://twitter.com/Rabi_CP/status/877223608237543425/photo/1,https://twitter.com/Rabi_CP/status/877223608237543425/photo/1,https://twitter.com/Rabi_CP/status/877223608237543425/photo/1"
"877253013567451136","","","2017-06-20 19:53:11 +0000","<a href=""http://twitter.com/download/android"" rel=""nofollow"">Twitter for Android</a>","RT @zin0107_ppkk: 혐스일)  나를 보고 싶은데 https://t.co/Cfsgh74WbB","876754390220120064","2236254488","2017-06-19 10:51:50 +0000","https://twitter.com/zin0107_ppkk/status/876754390220120064/photo/1,https://twitter.com/zin0107_ppkk/status/876754390220120064/photo/1"
"877252773028311045","","","2017-06-20 19:52:14 +0000","<a href=""http://twitter.com/download/android"" rel=""nofollow"">Twitter for Android</a>","RT @jwapyoman_: 혐장님/장관님 (혐스일 본편)
어장님 (어이쿠 동물계 페로몬)
오장님 (여자)
19장관 (19세)
햄장님 (햄찌)
뇌장님 (뇌둥둥)
꼬장님 (어린이날)

👆 대숲에서 어떤 천사분이 정리하신건데(복붙) 늘 헷갈리는 나는 너…","877230316900974593","840833264277417985","2017-06-20 18:23:00 +0000","https://twitter.com/jwapyoman_/status/877230316900974593/photo/1"
"877252630476726272","","","2017-06-20 19:51:40 +0000","<a href=""http://twitter.com"" rel=""nofollow"">Twitter Web Client</a>","&gt;리퀘박스&lt; 의자에 기대서 목 젖히고 팔로 눈 가리고 있는 장관님 https://t.co/4ydjfCq0fP","","","","https://twitter.com/spandambamboo3/status/877252630476726272/photo/1"
"877252313831751681","","","2017-06-20 19:50:24 +0000","<a href=""http://twitter.com"" rel=""nofollow"">Twitter Web Client</a>","헉, 대숲에서 해시태그 써두ㅜ 되여...? 실트에 있는 예쁜 남캐 넘ㅁ 우리 장관님 아닙니ㅣ까??","","","",""
"877251406184370176","877251245932544004","877195967023403009","2017-06-20 19:46:48 +0000","<a href=""http://twitter.com"" rel=""nofollow"">Twitter Web Client</a>","바로 그렇습니다ㅏ. 이것 썰은 제가 배고파서 쓰기 시작한 썰입니다.....","","","",""
"877251245932544004","877250832512630785","877195967023403009","2017-06-20 19:46:10 +0000","<a href=""http://twitter.com"" rel=""nofollow"">Twitter Web Client</a>","이런 일상으로 글 써보구 싶네... 아니면 누가 저 대신 글이든 그림이든 연성해주실래여...? (파김치","","","",""
"877251005997490177","","","2017-06-20 19:45:13 +0000","<a href=""http://twitter.com"" rel=""nofollow"">Twitter Web Client</a>","RT @Rabi_CP: 대숲에 올렸던 연성 재업.,,,! 스파장관 https://t.co/ntLoJg3LbP","877223459876519936","877199460945739776","2017-06-20 17:55:45 +0000","https://twitter.com/Rabi_CP/status/877223459876519936/photo/1,https://twitter.com/Rabi_CP/status/877223459876519936/photo/1,https://twitter.com/Rabi_CP/status/877223459876519936/photo/1,https://twitter.com/Rabi_CP/status/877223459876519936/photo/1,https://twitter.com/Rabi_CP/status/877223459876519936/photo/1,https://twitter.com/Rabi_CP/status/877223459876519936/photo/1,https://twitter.com/Rabi_CP/status/877223459876519936/photo/1,https://twitter.com/Rabi_CP/status/877223459876519936/photo/1"
"877250969305726976","","","2017-06-20 19:45:04 +0000","<a href=""http://twitter.com"" rel=""nofollow"">Twitter Web Client</a>","RT @hq7329: 그르고 보니 원래 대나무숲 계정이 잠겨서 올린 그림도 못 보내,,,
혐스일 푸딩 이랑 오장님 이다,, , (침 착) https://t.co/nG5Fz10wqC","873620852398473216","790157854963400704","2017-06-10 19:20:16 +0000","https://twitter.com/hq7329/status/873620852398473216/photo/1,https://twitter.com/hq7329/status/873620852398473216/photo/1,https://twitter.com/hq7329/status/873620852398473216/photo/1,https://twitter.com/hq7329/status/873620852398473216/photo/1"
"877250832512630785","877250386293215232","877195967023403009","2017-06-20 19:44:31 +0000","<a href=""http://twitter.com"" rel=""nofollow"">Twitter Web Client</a>","장관님이 열심히 다 묻히면서 먹으면 아이스버그가 엄머, 얘 왜 이렇게 칠칠맞아? 이러구 입가에 묻은거 스윽 닦고서 자신 입으로 넣으니까 스팬담 보고 있다가 미쳤냐, 아무리 배고파도 그걸 왜 먹어. 야 나눠줄게 (아이스버그:(환장)","","","",""
"877250735154409472","","840833264277417985","2017-06-20 19:44:08 +0000","<a href=""http://twitter.com/download/android"" rel=""nofollow"">Twitter for Android</a>","@jwapyoman_ 헠 안녕하세요!!! 새 대숲 만들며 헤더와 인장을 찾다가 그려주신 오리타고 둥둥하는 장관님 그림을 사용했어요!! 이전 대숲에 올리신 건데 여기 사용해도 괜찮은 문의드려요!","","","",""
"877250386293215232","877249887963709440","877195967023403009","2017-06-20 19:42:45 +0000","<a href=""http://twitter.com"" rel=""nofollow"">Twitter Web Client</a>","그래서 완전 빨리 식타에 앉아서 기다리고 있으니까 아이스버그가 포크 쥐여주거 그러면 허겁지겁 열심히 먹겠지. 아이스버그도 얘가 뭘 이렇게 열심히 먹은 적이 있었나? 싶어서 완전 흐뭇한 얼굴로 턱괴고 장관 보구 있구...","","","",""
"877249887963709440","877249424648318976","877195967023403009","2017-06-20 19:40:46 +0000","<a href=""http://twitter.com"" rel=""nofollow"">Twitter Web Client</a>","그러면 장관님 별 생각없이 누워있다가 벌떡 일어나면서 눈 초롱초롱 했으면 좋겠다 ""헉...너너너 그거 어디서 배웠어?"" 글쎄, 라는 애매한 대답을 날린 아이스버그 속으로는 장관님이 귀여워서 미치겠지 으하하핳ㅎ","","","",""
"877249832238305284","","","2017-06-20 19:40:33 +0000","<a href=""http://twitter.com"" rel=""nofollow"">Twitter Web Client</a>","RT @jwapyoman_: #혐스일_트친소
연성은 별로 안했지만 이런거 그렸던 사람입니다:3 
이것저것 다 잘먹어요.
마음+팔로 하시면 달려갈게요;)♡ https://t.co/TPMZU08Bzd","877203302911328256","840833264277417985","2017-06-20 16:35:39 +0000","https://twitter.com/jwapyoman_/status/877203302911328256/photo/1,https://twitter.com/jwapyoman_/status/877203302911328256/photo/1,https://twitter.com/jwapyoman_/status/877203302911328256/photo/1,https://twitter.com/jwapyoman_/status/877203302911328256/photo/1"
"877249751174873088","","","2017-06-20 19:40:13 +0000","<a href=""http://twitter.com"" rel=""nofollow"">Twitter Web Client</a>","RT @d0d0_desk: #혐스일_트친소 
요잇'ㅅ')/대숲에 이런거 그렸던 사라미에요...흑흑 기본적으로 트윗잘안쓰는 관음환자인데 마음 남겨주시면 찾아가요.혐스계 새로 팠어요 ' 0 ' https://t.co/mG85Ca29QO","877208264487849984","877205750228983808","2017-06-20 16:55:22 +0000","https://twitter.com/d0d0_desk/status/877208264487849984/photo/1,https://twitter.com/d0d0_desk/status/877208264487849984/photo/1,https://twitter.com/d0d0_desk/status/877208264487849984/photo/1,https://twitter.com/d0d0_desk/status/877208264487849984/photo/1"
"877249661274173440","","","2017-06-20 19:39:52 +0000","<a href=""http://twitter.com"" rel=""nofollow"">Twitter Web Client</a>","RT @T_on_HSI: 해시태그 뭘 달아야 봐주실지 모르겠어서 우선 이거 달아봐요. 트친소 목적은 아니고 대숲에서 장관님 쫄래쫄래(ㅋㅋㅋㅋㅋㅋㅋㅋ) 카쿠 찾으시던 분들 몇분 계셨어서... 일단 제가 쓴 것만 몇개 백업해 두었어요. #혐스일_트친소","877213124759138304","877210334813052928","2017-06-20 17:14:41 +0000",""
"877249587026710530","","","2017-06-20 19:39:34 +0000","<a href=""http://twitter.com"" rel=""nofollow"">Twitter Web Client</a>","RT @Syaal_CP: #혐스일_트친소
덕계를 팔 줄 몰랐는데 어쩌다 보니 생겨버렸네요,,, 원피스 안 보고 혐스일 시작했어요. 지뢰 없어요! 오장님 어장님 19장관 뇌동동 다 좋아합니다 마음을 남겨주시면 찾아가고 아니더라도 무해한 구독러로 있게…","877227416036429824","877202454311456769","2017-06-20 18:11:28 +0000","https://twitter.com/Syaal_CP/status/877227416036429824/photo/1,https://twitter.com/Syaal_CP/status/877227416036429824/photo/1,https://twitter.com/Syaal_CP/status/877227416036429824/photo/1"
"877249514779758593","","","2017-06-20 19:39:17 +0000","<a href=""http://twitter.com"" rel=""nofollow"">Twitter Web Client</a>","RT @Minguinho_JEJE: 메인트!

자고 일어나니 이게 뭔 일이래.... 일단 대숲에 올렸던 글 링크 겁니다 노트북이 고장나서 헤더랑 프사 할만한 게 없네요 유령스팬담 시점 글 끄적거렸었구요 편하게 팔로 주세요~ #혐스일_트친소

http…","877230512083013632","877225878693888000","2017-06-20 18:23:46 +0000","https://www.evernote.com/shard/s605/sh/abcade7a-e782-4883-8bb9-455db392d7cd/cec49fa0aaf71f564601ab9a7e65ffa8"
"877249442864259073","","","2017-06-20 19:39:00 +0000","<a href=""http://twitter.com"" rel=""nofollow"">Twitter Web Client</a>","RT @Rabi_CP: #혐스일_트친소
#혐스일 
대숲에서 이런거 올리던 사람입니다. 대숲에서 놀라구했는데 결국 계정 파버렸군요😇아이스파 푸딩스파 스파장관등등 파구요, 오장님 약지뢰이기는한데 크게 상관없습니다. 알티마음멘션 편하게 주시면 찾아갈게요.…","877201490686889984","877199460945739776","2017-06-20 16:28:27 +0000","https://twitter.com/Rabi_CP/status/877201490686889984/photo/1,https://twitter.com/Rabi_CP/status/877201490686889984/photo/1,https://twitter.com/Rabi_CP/status/877201490686889984/photo/1,https://twitter.com/Rabi_CP/status/877201490686889984/photo/1"
"877249421431275520","","","2017-06-20 19:38:55 +0000","<a href=""http://twitter.com"" rel=""nofollow"">Twitter Web Client</a>","RT @Cross_Riffle: 대숲에서만 놀려고 했는데...갈수록 비참함이 심해져서 부계를 팠습니다..흔적 남겨주시면 마음 맞는 분들 찾아갈게요.스파장관 주식...드실래요...(비참맨...) #혐스일_트친소 https://t.co/AIVwHxJC5n","877078791402659840","877073514179645440","2017-06-20 08:20:53 +0000","https://twitter.com/Cross_Riffle/status/877078791402659840/photo/1,https://twitter.com/Cross_Riffle/status/877078791402659840/photo/1,https://twitter.com/Cross_Riffle/status/877078791402659840/photo/1,https://twitter.com/Cross_Riffle/status/877078791402659840/photo/1,https://twitter.com/Cross_Riffle/status/877078791402659840/photo/1,https://twitter.com/Cross_Riffle/status/877078791402659840/photo/1,https://twitter.com/Cross_Riffle/status/877078791402659840/photo/1,https://twitter.com/Cross_Riffle/status/877078791402659840/photo/1"
"877249424648318976","877248990135205888","877195967023403009","2017-06-20 19:38:55 +0000","<a href=""http://twitter.com"" rel=""nofollow"">Twitter Web Client</a>","그 음식만 좋아하니까 요리사는 그 음식은 진짜 혼신의 힘을 쏟고... 아이스버그가 스팬담 좋아하는 음식 있다구 해서 레시피 배우고 집에서 데이트할 때 너 이거 좋아하지 ㅇㅅㅇ 준비해봤어. 이렇게 츤데레적 느낌으로 장관님이 좋아하는 음식 탁 내와줘..","","","",""
"877249215209943040","877245456165859328","877195967023403009","2017-06-20 19:38:06 +0000","<a href=""http://twitter.com/download/android"" rel=""nofollow"">Twitter for Android</a>","푸딩(음식)보고 울듯화난듯한 장관님이요!!!!","","","",""
"877249144292753414","","","2017-06-20 19:37:49 +0000","<a href=""http://twitter.com"" rel=""nofollow"">Twitter Web Client</a>","RT @mallangberry: #혐스일_트친소 
혐스일 대나무숲에서 가끔가다 그림 올리고 있었습니다. 글 많이 올리는 편은 아니고 교류를 잘 못합니다... 혼잣말스러운 거 많이 올라올 것 같아요 마음 찍어주시면 맞팔합니다 https://t.co/e…","877198883591409664","877195704367579136","2017-06-20 16:18:06 +0000","https://twitter.com/mallangberry/status/877198883591409664/photo/1,https://twitter.com/mallangberry/status/877198883591409664/photo/1,https://twitter.com/mallangberry/status/877198883591409664/photo/1,https://twitter.com/mallangberry/status/877198883591409664/photo/1"
"877248990135205888","877248570922942466","877195967023403009","2017-06-20 19:37:12 +0000","<a href=""http://twitter.com"" rel=""nofollow"">Twitter Web Client</a>","그리구 싫어하는 음식들 다 먹으면 드디어 메인디시 차례! 자신이 좋아하는 음식 나와서 웃지는 않지만 분위기가 화아앗 하고 밝아진 장관님이 우물거리면서 먹는게 좋다. 다른 애들이 그거 맛있어요?? 하고 조금 뺏어먹어봐도 평범한 음식인데 장관님이 유난히","","","",""
"877248570922942466","877248069246394368","877195967023403009","2017-06-20 19:35:32 +0000","<a href=""http://twitter.com"" rel=""nofollow"">Twitter Web Client</a>","엄청 좋아했으면 좋겠다... 장관님이 드디어 제대로 된 식사를...! 하지만 그건 잠깐일 듯 맨날 그것만 먹어서 ㅈ..장관님 다른 음식도 드셔야죠... 하면 ...알겠어. 하거서 깨작깨작 먹을 듯... 아... 맛있다...응...","","","",""
"877248532243128330","","","2017-06-20 19:35:23 +0000","<a href=""http://twitter.com/download/android"" rel=""nofollow"">Twitter for Android</a>","RT @joa_nick: 혐스일 대숲 썰 정리 4 - 대부분 아이스파임.... 별 사심없이 그냥 혐스일 장관님 관계도 고찰하다가 시장님이랑 장관님 관계성에 치여버려서 자체영업이라 누굴 원망할수도 없고 아ㅏ오

https://t.co/WvGEjKFUFe","876464508922769408","838214842506858496","2017-06-18 15:39:57 +0000","https://twitter.com/joa_nick/status/876445252445323264,https://twitter.com/joa_nick/status/876445252445323264"
"877248353334992897","","","2017-06-20 19:34:40 +0000","<a href=""http://twitter.com/download/android"" rel=""nofollow"">Twitter for Android</a>","RT @joa_nick: 혐스일 대숲 썰 정리 3 - 장관님 썰 위주로 푸딩스파 + 108화 이후 멘붕을 극복하기 위한 뇌둥둥 뇌장관 썰들(...) + 아카스파 + 아이스파. 108화 이후로 내 마음 속에 아이스파 비중이 늘었다..

https://…","876444250925187072","838214842506858496","2017-06-18 14:19:27 +0000","https://twitter.com/poor_archer18/status/874968637450223616"
"877248321424838656","","","2017-06-20 19:34:32 +0000","<a href=""http://twitter.com/download/android"" rel=""nofollow"">Twitter for Android</a>","RT @joa_nick: 혐스일 대숲 썰 정리 2 - 지금 혐스일 대숲( span_dam2 )에서 풀었던 썰들 링크 걸어둔 트윗 타래. 마찬가지로 장관님 메인썰이 대부분 그 외 커플링 몇개 있음 터포스파 아이스파 시피구 코비 등등등

https://…","876443278496772096","838214842506858496","2017-06-18 14:15:35 +0000","https://twitter.com/poor_archer18/status/873863589718708224,https://twitter.com/joa_nick/status/876443278496772096/photo/1"
"877248101982941184","","","2017-06-20 19:33:40 +0000","<a href=""http://twitter.com/download/android"" rel=""nofollow"">Twitter for Android</a>","RT @joa_nick: 혐스일 대숲 썰 정리 1 - 지금은 잠금 걸린 예전 대숲에서 풀었던 썰들 마음 찍어둔것만 링크 걸어둠. 주로 장관님 메인으로 카쿠스파 아이스파 아카스파 스파로빈 커플링 여러개 썰들 풀었음 

https://t.co/jVuOB…","876442608108675073","838214842506858496","2017-06-18 14:12:55 +0000","https://twitter.com/poor_archer18/status/873485103321632769,https://twitter.com/joa_nick/status/876442608108675073/photo/1"
"877248069246394368","","","2017-06-20 19:33:32 +0000","<a href=""http://twitter.com"" rel=""nofollow"">Twitter Web Client</a>","장관님 입이 짧으시니까... 원피스 세계에서 자신 입맛에 맞는 거 찾아서 한동안 그것만 계속 먹었으면 좋겠네요.. 입에 한가득 넣고 우물거리다가 누구랑 눈 마주치면 멀ㄹ바 먹구싶냐? 이러구.... 씨피들이라던가 다른애들이 그 모습보고","","","",""
"877247842724618241","","","2017-06-20 19:32:38 +0000","<a href=""http://twitter.com/download/android"" rel=""nofollow"">Twitter for Android</a>","장관님 고개돌리다 목 으득소리나면서 전치 n주...","","","",""
"877247805185679360","877245456165859328","877195967023403009","2017-06-20 19:32:29 +0000","<a href=""http://twitter.com/download/android"" rel=""nofollow"">Twitter for Android</a>","앗앗 진짜 레어한 거...! 환하게 웃는 장관님이요!!! 막 입벌리고 기쁘게 웃는... ;_;(말잇못","","","",""
"877247519129874432","877245456165859328","877195967023403009","2017-06-20 19:31:21 +0000","<a href=""http://twitter.com"" rel=""nofollow"">Twitter Web Client</a>","장관님 부끄러어하는거요... 레어하게 시선 돌리거... 얼굴 붉고....귀엽겠다...","","","",""
"877247383838568448","877246520914870274","877195967023403009","2017-06-20 19:30:49 +0000","<a href=""http://twitter.com/download/android"" rel=""nofollow"">Twitter for Android</a>","생각해보니 장관에 대해 절대충성하고+쎈 캐가 없네여ㅜ 카쿠도 막 동반자살이라도 하지 그랬나 막말이나 하구ㅠ 씨피9는 있지도 않았던 주제에!! 그니까 터포키랑 네로 필두로 시피들 단체로 신체개조 받아서 장관수호대 만들면 좋겠다...","","","",""
"877247058637242368","877245456165859328","877195967023403009","2017-06-20 19:29:31 +0000","<a href=""http://twitter.com/download/android"" rel=""nofollow"">Twitter for Android</a>","의자에 기대서 목 젖히고 팔로 눈 가리고 있는 장관님이요!!!","","","",""
"877246685503660032","","","2017-06-20 19:28:02 +0000","<a href=""http://twitter.com"" rel=""nofollow"">Twitter Web Client</a>","영어 철자 계속 틀려서 이제서야 로그인한 사람....(광광) 그러니까 장관님 어쩔 수 없이 영어 쓸 때 항상 틀려서 놀림 당해줘....(?)","","","",""
"877246520914870274","","","2017-06-20 19:27:23 +0000","<a href=""http://twitter.com/download/android"" rel=""nofollow"">Twitter for Android</a>","오... 아킹님피셜 푸딩&gt;&gt;&gt;터포키라 불쌍했는데 적외선눈으로 시작해서 신체개조로 짱짱세지는 터포키 보고싶네요ㅋㅋ 장관님에 대한 마음의 크기만큼 강해져라...!","","","",""
"877246281676017664","","","2017-06-20 19:26:26 +0000","<a href=""http://twitter.com/download/android"" rel=""nofollow"">Twitter for Android</a>","유령 스팬담과 장관님이 푸딩에 대해 상반된 대처 방법 말하며 싸울듯

스) 죽이라고!! 배신자잖아! 죽여서 본보기를 보여야지!!
장) 죽일것까지야;;
스) 내 몸 뒤질뻔 했거든?!
장) 이 아저씨가 걸핏하면 죽인다고 하질 않나
스) (환장)","","","",""
"877245456165859328","","","2017-06-20 19:23:09 +0000","<a href=""http://twitter.com/download/iphone"" rel=""nofollow"">Twitter for iPhone</a>","&gt;그림리퀘박스받습니다&lt;
멘션주시면 랜덤으로 그려드릴게요 퀄리티 보장못함 장관님 한정....
(근데 이런거 괜찮나요?)","","","",""
"877245052115795973","","","2017-06-20 19:21:33 +0000","<a href=""http://twitter.com/download/android"" rel=""nofollow"">Twitter for Android</a>","헛 그러고보니 터포키 적외선 눈=견문색 비슷한거 아닌가?!견문색쓰는 터포키...","","","",""
"877245000588836864","","","2017-06-20 19:21:21 +0000","<a href=""http://twitter.com/download/android"" rel=""nofollow"">Twitter for Android</a>","RT @joa_nick: 장관님 공계 - 아 염병 또 잠금이야 겨우 풀었네

 ㄴ시장님 공계 - 너 지금 계실했어 그거 아니야... (이쪽도 계실22)

 ㄴ로비 공계 - 장관님..... (관리자 측근 보좌관) (계실333)","877214404940451840","838214842506858496","2017-06-20 17:19:46 +0000",""
"877244967495712768","","","2017-06-20 19:21:13 +0000","<a href=""http://twitter.com/download/android"" rel=""nofollow"">Twitter for Android</a>","RT @joa_nick: 장관님 인증 제대로 안했다가 사담계 잠금 걸리고 끙끙대다가 어느날 또 공계로 계실해버려 ""아 염병 또 잠금이야"" RT1209","877213865569787904","838214842506858496","2017-06-20 17:17:38 +0000",""
"877244950890414082","","","2017-06-20 19:21:09 +0000","<a href=""http://twitter.com/download/android"" rel=""nofollow"">Twitter for Android</a>","RT @joa_nick: 아 근데 아까 썰 풀때는 이것보다 훨씬 더 맛깔나게 풀었던거 같은데... 역시 썰은 아무 생각 없이 써야 제일 잘써지는데 아까 뭔얘기했었지 생각하면서 다시 풀려니까 정말 안뽑힌다","877213632639098880","838214842506858496","2017-06-20 17:16:42 +0000",""
"877244916413341696","","","2017-06-20 19:21:01 +0000","<a href=""http://twitter.com/download/android"" rel=""nofollow"">Twitter for Android</a>","RT @joa_nick: 장관님 근무시간에 투덜댈만한곳이 정말 대숲밖에 없어서 대숲 계폭 이후(사실 대숲2가 생기긴 했는데 이미 마상 입는 장관님이 시피 애들 놀라지 말라고+안본다는 의사 전달로 선블락해줌) 빈종이에 낙서하는 비중이 늘었다든지","877212492983713792","838214842506858496","2017-06-20 17:12:10 +0000",""
"877244897450835968","","","2017-06-20 19:20:56 +0000","<a href=""http://twitter.com/download/android"" rel=""nofollow"">Twitter for Android</a>","RT @joa_nick: ""정 징징대는거 받아줄데 필요하면 나한테 연락하면 되잖아. 연락해"" (나름 노린 멘트)

""근무시간에 그러면 너무 잉여같잖아""

""엄머 얘 좀 봐""

""뭐""

""트위터에서 징징대는거 더 잉여같거든?""

""익명이잖아. 아무도…","877211470370455553","838214842506858496","2017-06-20 17:08:06 +0000",""
"877244886608625668","","","2017-06-20 19:20:54 +0000","<a href=""http://twitter.com/download/android"" rel=""nofollow"">Twitter for Android</a>","RT @joa_nick: 일하기싫다 징징거릴곳을 잃어버려서 상심한 장관님이랑 비웃는 시장님... 시장님은 플텍 닉네임 사담계로 대숲+장관님 계정 팔로중이어서 실시간으로 상황 봤었으면 좋겠다 아무튼 평소에 나한테 징징거림 되잖아 연락해~ 했는데 장관님…","877210528673808384","838214842506858496","2017-06-20 17:04:22 +0000",""
"877244879386034176","","","2017-06-20 19:20:52 +0000","<a href=""http://twitter.com/download/android"" rel=""nofollow"">Twitter for Android</a>","RT @joa_nick: 맞다 장관님이 야근하기 싫다 일하기 싫다 징징대는데 시피들 사원복지가 쩔어서 ?? 님 왜케 일이 많아요 왜 야근해요 이해받지 못해서 쓸쓸한 장관님 얘기랑 장관님 대숲 들어오는거 들켜서 사슴같은 계정주가 못견디고 계폭하는거","877209843999793153","838214842506858496","2017-06-20 17:01:39 +0000",""
"877244872016527361","","","2017-06-20 19:20:50 +0000","<a href=""http://twitter.com/download/android"" rel=""nofollow"">Twitter for Android</a>","RT @joa_nick: 앗 서칭하다가 트위터썰 찾는분 발견함 앗... 좋아라....... 근데 내가 진짜 뭔 얘기 했는지 기억이 안나 맨날 의식의 흐름체로 썰풀어서 에ㅔ 음 어... 장관님 트위터 했으면 좋겠다로 시작해서 어......... 진짜…","877209399470637058","838214842506858496","2017-06-20 16:59:53 +0000",""
"877244863137202176","","","2017-06-20 19:20:48 +0000","<a href=""http://twitter.com/download/android"" rel=""nofollow"">Twitter for Android</a>","RT @joa_nick: ""안 나. 그리고 여유 있어도 안사귀어.""
""왜?""
""아 이런 몸으로 뭘 한다고 진짜""
""...""
""다른 얘기 해, 다른 얘기.""
""......너보다 건강 안좋은 사람도 얼마든지 있어""
""다른 얘기 하자니까... 그래, 그리…","877185418248060929","838214842506858496","2017-06-20 15:24:35 +0000",""
"877244850738831360","","","2017-06-20 19:20:45 +0000","<a href=""http://twitter.com/download/android"" rel=""nofollow"">Twitter for Android</a>","RT @joa_nick: ""내 한몸 챙기기도 죽겠구만 또 누굴 책임지라고? 못해, 나는.""
""이미 책임지고 있는 사람 많잖아.""
""그건 직업이 장관이라 당연히 책임지는거고. 그거랑 이거랑 같냐?""
""그렇긴 하지만... 아무리 그래도 그렇지 그렇게 여…","877184328928698368","838214842506858496","2017-06-20 15:20:15 +0000",""
"877244838944452609","","","2017-06-20 19:20:42 +0000","<a href=""http://twitter.com/download/android"" rel=""nofollow"">Twitter for Android</a>","RT @joa_nick: 장관님은 대숲에 뭔일 있었는지 전혀 모르고 그 주 내내 연애~~ 결혼~~~~ 소리에 들볶여서 단단히 질려있는 상태고 시장님은 장관님은 당연히 알거라고 생각하는중

""안 해! 관심 없다고!""
""진짜 전혀 관심 없는거야? 그래도…","877184190462046209","838214842506858496","2017-06-20 15:19:42 +0000",""
"877244830253854721","","","2017-06-20 19:20:40 +0000","<a href=""http://twitter.com/download/android"" rel=""nofollow"">Twitter for Android</a>","RT @joa_nick: 장관님은 대숲을 안봐서 뭔 상황인지 모르고 나중에 시장님이랑 둘이 만났을때 근데 그거 말이야.. 음..... 드물게 말 신중하게 꺼내고 이래서 장관님이 ?? 했으면 좋겠네 그리고 조심스럽게 꺼낸 연애/결혼 얘기에 아 너까지…","877182612808146944","838214842506858496","2017-06-20 15:13:26 +0000",""
"877243543147827200","","","2017-06-20 19:15:33 +0000","<a href=""http://twitter.com/download/android"" rel=""nofollow"">Twitter for Android</a>","헠 트이타썰 다시 푸시는 분 발견해서 알티해써요ㅠㅠㅠㅠㅠㅠㅠㅠ 으아아 기쁘다ㅜㅜㅜ","","","",""
"877243178604154880","","","2017-06-20 19:14:06 +0000","<a href=""http://twitter.com/download/android"" rel=""nofollow"">Twitter for Android</a>","부디 장관님 트위터 하시는 썰 적으신 분 여기 다시 써주시면 감사합니다ㅠㅠㅜㅠ 취저였어","","","",""
"877243081854078976","","","2017-06-20 19:13:43 +0000","<a href=""http://twitter.com/download/android"" rel=""nofollow"">Twitter for Android</a>","RT @joa_nick: 와 저새끼 뭐임 소리듣고 저런게 장관 밑에 있다니 좀 위험하지 않나 정신머리 이상한게 사고칠거 같네; 뭐 이런저런 사정으로 로비 대숲은 또다시 2차 계폭을 맞이한다","877179503327363072","838214842506858496","2017-06-20 15:01:05 +0000",""
"877243056914702336","","","2017-06-20 19:13:37 +0000","<a href=""http://twitter.com/download/android"" rel=""nofollow"">Twitter for Android</a>","RT @joa_nick: 트청 돌려놓고 장관님은 내가 훨씬 더 오래 전부터 좋아했다 그리고 장관님은 우리같은것들이 함부로 입방아 찧어도 되는 분이 아니시다 이런데서 함부로 입놀리지마라 &lt;&lt;&lt; 뭐 이런거 올라와서 엄청 알티되고","877179379897425924","838214842506858496","2017-06-20 15:00:36 +0000",""
"877243036153004032","","","2017-06-20 19:13:32 +0000","<a href=""http://twitter.com/download/android"" rel=""nofollow"">Twitter for Android</a>","RT @joa_nick: 대체 누가 혐스일 대숲 트청 돌린건진 모르겠지만 이것도 소재로 써야겟네
어쨌든 문제의 저 장관님이 너무 좋은데 애인 있으신가요 트윗이 올라온 뒤로 사실 저도 장관님을 고백이 줄줄 이어져서 참다못한 장관님바라기 누구누구가 해킹…","877178507507388416","838214842506858496","2017-06-20 14:57:08 +0000",""
"877243007203811328","","","2017-06-20 19:13:25 +0000","<a href=""http://twitter.com/download/android"" rel=""nofollow"">Twitter for Android</a>","RT @joa_nick: 그래도 백업 받으면 지워진것도 볼 수 있다니 다행이네 아 뭐지 근데 갑자기 썰풀이 의욕 확 뒤져벌임,,

아무튼 혐스일 장관님 트위터썰 이어서 ↓","877177614829371392","838214842506858496","2017-06-20 14:53:35 +0000",""
"877241789329006592","","","2017-06-20 19:08:35 +0000","<a href=""http://twitter.com/download/android"" rel=""nofollow"">Twitter for Android</a>","백알티 미만이라면 조아라아이디 인증은 어떨까요?","","","",""
"877241662686117888","877236652438994944","877195967023403009","2017-06-20 19:08:05 +0000","<a href=""http://twitter.com/download/android"" rel=""nofollow"">Twitter for Android</a>","근데 유령이면 애초에 타코야끼를 먹을 수가... ((눈물)) 유령스팬담 생각할수록 완벽히 무능하고 하찮네여...","","","",""
"877241565105848321","877240713942937600","877195967023403009","2017-06-20 19:07:42 +0000","<a href=""http://twitter.com/download/iphone"" rel=""nofollow"">Twitter for iPhone</a>","테러 당해도 대숲 한 13까지 만들어 봐요....ㅜㅜㅜㅜ","","","",""
"877241090268479488","877240946215211008","877195967023403009","2017-06-20 19:05:48 +0000","<a href=""http://twitter.com/download/android"" rel=""nofollow"">Twitter for Android</a>","썰이랑 그림 날라간 분들 제일 멘붕일텐데 걱정되네요ㅜ 으으 백업ㅠ","","","",""
"877240946215211008","877240713942937600","877195967023403009","2017-06-20 19:05:14 +0000","<a href=""http://twitter.com/download/android"" rel=""nofollow"">Twitter for Android</a>","또 테러 나면 정말 셧다운일 테니까 그때까진 그냥 맘 놓으면 편할 것 같습니다아... (해탈","","","",""
"877240713942937600","","","2017-06-20 19:04:19 +0000","<a href=""http://twitter.com/download/android"" rel=""nofollow"">Twitter for Android</a>","근데 백알티 기준으로 해도 지금 들어온 분 중 한 서너명 미달인데... 또 테러할 분들 같지는 않구... 의심하며 대숲하기는 싫어여...","","","",""
"877239508219052032","877239426631352320","877195967023403009","2017-06-20 18:59:31 +0000","<a href=""http://twitter.com/download/android"" rel=""nofollow"">Twitter for Android</a>","@spandambamboo3 계속 이 계정을 쓰면서도 또 오면 어쩌지 하고..","","","",""
"877239426631352320","","","2017-06-20 18:59:12 +0000","<a href=""http://twitter.com/download/android"" rel=""nofollow"">Twitter for Android</a>","전 대숲에서 있었던일이 트라우마가 될것같아요...","","","",""
"877239312474976256","877238419268681728","877195967023403009","2017-06-20 18:58:45 +0000","<a href=""http://twitter.com/download/android"" rel=""nofollow"">Twitter for Android</a>","@spandambamboo3 하지만 계정을 새로파서 다시 테러를 할까봐 무섭네요..","","","",""
"877238419268681728","877235882150961152","877195967023403009","2017-06-20 18:55:12 +0000","<a href=""http://twitter.com/download/android"" rel=""nofollow"">Twitter for Android</a>","원래 트위터를 하지 않다가 혐스일 때문에 새로 계정 파신 분들도 많은 것 같아서요;ㅁ;","","","",""
"877236652438994944","877236281348046848","877195967023403009","2017-06-20 18:48:10 +0000","<a href=""http://twitter.com/download/android"" rel=""nofollow"">Twitter for Android</a>","서로에게 먹여주기 하는데 고삼이는 실수인척 바닥에 던져버리고 스팬담은 유령이라 막대기를 집을수 없어 실패...","","","",""
"877236287098335232","877215730592235520","877195967023403009","2017-06-20 18:46:43 +0000","<a href=""http://twitter.com"" rel=""nofollow"">Twitter Web Client</a>","현 공지사항은 이전 대숲의 공지사항에 추가한(초록글씨) 버전입니다.

수정사항 및 추가내용은 DM으로 넣어주시면 빠르게 반영하겠습니다.","","","",""
"877236281348046848","","","2017-06-20 18:46:42 +0000","<a href=""http://twitter.com/download/android"" rel=""nofollow"">Twitter for Android</a>","타코야키 나눠먹는 스파장관보고싶다","","","",""
"877236203455737856","877235123829317633","877195967023403009","2017-06-20 18:46:23 +0000","<a href=""http://twitter.com/download/iphone"" rel=""nofollow"">Twitter for iPhone</a>","일어나봐! 제발...""하며 붙잡고 흑흑 우는 시츄레이션... 나로는 무리야... 너도 무리겠지만... 그냥 힘든일 없이 이제 집에 가자... 조용한곳에 도망가자 하는 원 스팬담과 쿨쿨 자는 고삼이... 보고싶어요...","","","",""
"877235946500042752","877235123829317633","877195967023403009","2017-06-20 18:45:22 +0000","<a href=""http://twitter.com/download/iphone"" rel=""nofollow"">Twitter for iPhone</a>","도 하고(내가 그렇게 싫냐ㅜㅜㅜ 하며 울겠지만) 약간 동생+아들뻘로 지켜보는데 이번에 고삼이 사선넘어갈랑 해서 대신 깨어나서 너네가 뭘 아는데 고삼이 대신 펑펑 울기... 하는거 보고 싶다... 그러고 계속 고삼이 보고 싶어서 거울보고 ""야..! 야!","","","",""
"877235882150961152","","","2017-06-20 18:45:07 +0000","<a href=""http://twitter.com/download/android"" rel=""nofollow"">Twitter for Android</a>","승인하는 계정은 최소 트윗수를 정해놓는 건 어떨까요 약 100 트윗이나..
대숲테러범의 집착을 보면 어느정도 승인에 제한을 두는게 좋을거같아요","","","",""
"877235791008641024","877234967998218240","877195967023403009","2017-06-20 18:44:45 +0000","<a href=""http://twitter.com"" rel=""nofollow"">Twitter Web Client</a>","대숲이 있는 한 악용하려는 사람도 있겠지요. 언제나 그럴 거라고 생각합니다.
그래서 지금 바로, 부활시키고 싶었어요.

잘 부탁드립니다:)","","","",""
"877235566114471936","877235123829317633","877195967023403009","2017-06-20 18:43:51 +0000","<a href=""http://twitter.com/download/iphone"" rel=""nofollow"">Twitter for iPhone</a>","원 스팬담으로써는 섭섭하기도 하고 자격지심도 느끼고 쟤랑 나랑 뭐가 다른데!!! 하면서 분노도 하다가 어떻게 해도 고삼이에게 말 안들리고(거울커넥팅인데 고삼이가 다 깨버림ㅋ) 근 8년 지나면서 반쯤 체념+인정이다가 결국 고삼이가 얼마나 고통받는지 이해","","","",""
"877235486040891392","877234967998218240","877195967023403009","2017-06-20 18:43:32 +0000","<a href=""http://twitter.com"" rel=""nofollow"">Twitter Web Client</a>","전 성실히 아카이빙을 계속하고, 그러한 사태가 일어날 경우 바로 대숲을 비활성화할 생각입니다.

그러나 완전공개라는 취약점이 있었던 만큼, 다시 즐거운 대숲을 세우고 싶었어요. 저도 상처받지 않기를 원하지만, 휴식기를 가져도 공포는 지워지지 않을거에요","","","",""
"877235477052497920","","","2017-06-20 18:43:30 +0000","<a href=""http://twitter.com/download/android"" rel=""nofollow"">Twitter for Android</a>","장관님이 수능갓끝난 고등학생이었다면 이 시간에 뭘할까 생각해봤는데 고삼이가 게임 좋아한다는 트윗을 본것 같기도 하고...","","","",""
"877235123829317633","","","2017-06-20 18:42:06 +0000","<a href=""http://twitter.com/download/iphone"" rel=""nofollow"">Twitter for iPhone</a>","원 스팬담 영혼 고삼이 따라다닌다 썰 너무 좋은데 흑흑 제안에서는 스팬담 쓰레기+자격지심있어서 잘하고 싶었는데 부하들한테 신임1도 못받는 어긋나는 부장님같은거였다가 고삼이 영혼 들어가고(생각들림잼ㅋ 일방적으로 스팬담만) 얘가 일도 잘하고 신임도 받으니","","","",""
"877234967998218240","877234644839575552","877195967023403009","2017-06-20 18:41:29 +0000","<a href=""http://twitter.com"" rel=""nofollow"">Twitter Web Client</a>","테러범이 진지하게 대숲을 파괴하는 게 목적이라면 이번과 마찬가지로 또 숨어들어와 난동을 부릴 수 있습니다. 완전히 차단할 방법은 없어요. 그러기 위해 다른 계정으로 문의를 주고 대화하는 노력까지 기울여 계속한다면.. 그야말로 혐스일 대숲의 끝이겠지요","","","",""
"877234729652674560","","","2017-06-20 18:40:32 +0000","<a href=""http://twitter.com/download/android"" rel=""nofollow"">Twitter for Android</a>","스팬담 유령이어도 커피쏟으면서 다닐거같다","","","",""
"877234644839575552","877234312529068032","877195967023403009","2017-06-20 18:40:12 +0000","<a href=""http://twitter.com"" rel=""nofollow"">Twitter Web Client</a>","대숲의 취지가 자유로운 발의인 만큼, 기본적으로 누구에게나 참여권이 주어지는 게 옳다고 생각해요. 그래서 현재까지 쪽지주신 분께는 다 비번을 드리고 있어요. 갓 가입하신 알계만 아니라면 승인하는 게 옳지 않은가 생각해요.","","","",""
"877234312529068032","","","2017-06-20 18:38:52 +0000","<a href=""http://twitter.com"" rel=""nofollow"">Twitter Web Client</a>","새로 대숲을 만들어버린 사람입니다! 상처받은 분이 많고, 시기상조라는 분들도 계신데도, 대숲이 너무 좋았었기에 저질러 버렸어요. 물론 인증제도 완벽한 보안은 아니지만, 그래도 거름망이 하나 생겼고, 열심히 아카이빙 할 예정입니다.","","","",""
"877233393062338563","","","2017-06-20 18:35:13 +0000","<a href=""http://twitter.com/download/android"" rel=""nofollow"">Twitter for Android</a>","트위터 하는 장관님과 인스타 하는 시장님이 보고싶은 3시 35분....","","","",""
"877233076807618560","","","2017-06-20 18:33:58 +0000","<a href=""http://twitter.com/download/android"" rel=""nofollow"">Twitter for Android</a>","스파장관 컾링만의 허당끼가 좋습니다((급 아무말","","","",""
"877228374749401089","877227154508992512","877195967023403009","2017-06-20 18:15:17 +0000","<a href=""http://twitter.com"" rel=""nofollow"">Twitter Web Client</a>","백업하신 분... 있겠죠? 있으면 좋겠다...;ㅁ; 백업 링크 올려주시면 제가 많이 사랑합니다;ㅅ;/","","","",""
"877227154508992512","","","2017-06-20 18:10:26 +0000","<a href=""http://twitter.com"" rel=""nofollow"">Twitter Web Client</a>","이전 대숲에서 얼마나 지워졌는지도 잘 모르겠는데 너무 아쉬워요...","","","",""
"877216593465319424","877216103751073792","877195967023403009","2017-06-20 17:28:28 +0000","<a href=""http://twitter.com"" rel=""nofollow"">Twitter Web Client</a>","세번째 대나무숲을 안전히 열기 위해 비밀번호를 본계 인증을 통해 받는 방식으로 바꾸고자 합니다.

1. 본 계정으로 대숲(@spandambamboo3)에 DM(쪽지)를 보내시면
2. 대숲 비밀번호와 이메일을 보내드리겠습니다","","","",""
"877216103751073792","877216068074217473","877195967023403009","2017-06-20 17:26:31 +0000","<a href=""http://twitter.com"" rel=""nofollow"">Twitter Web Client</a>","이후 옮긴 대나무숲 계정은 비밀번호를 퀴즈식으로 바꾸었으나 여기 역시 테러범이 따라와 대숲 계정주 분이 닫기로 결정하셨습니다.","","","",""
"877216068074217473","","","2017-06-20 17:26:23 +0000","<a href=""http://twitter.com"" rel=""nofollow"">Twitter Web Client</a>","이전 혐스일 대나무숲의 비밀번호가 모두에게 공개되어 있었던 결과, 테러범이 계정에 로그인해 무단으로 트윗을 지워버리고, 헤더를 수정하는 등 사실상 대나무숲의 작동이 불가능하도록 만들었습니다.","","","",""
"877215730592235520","","","2017-06-20 17:25:02 +0000","<a href=""http://twitter.com"" rel=""nofollow"">Twitter Web Client</a>","혐스일 대나무숲 공지사항 #fromEvernote https://t.co/hKaQCcDlgH","","","","https://www.evernote.com/shard/s674/sh/a6560684-79a2-40c3-8c96-b445f0f2d3ee/7d5ca9bbb09699d93dfe14c1f5bc6f1e"
"877201276034883584","","877185408727105537","2017-06-20 16:27:36 +0000","<a href=""http://twitter.com/download/android"" rel=""nofollow"">Twitter for Android</a>","@JangGanNim @span_dam2 
안녕하세요. 혹시 몰라 임시용계정 파고 왔는데... 본계인증 이야기도 나왔는데 어떻게 생각하시나요?
만약 된다면 이 계정으로 본계로 디엠을 보내서 비번을 받는 형식으로 하면 어떨까 생각합니다","","","",""
